symbol,window_start,window_end,price_min,price_max,price_avg,price_variance,trade_count,total_volume,pct_return,volatility,volume_intensity,price_speed,prediction,prob_normal,prob_anomalo,label_predicted,window_start_str,window_end_str
SOLUSDT,2026-04-21T20:19:30.000-06:00,2026-04-21T20:20:30.000-06:00,86.99,87.0,86.99838235294114,1.3762071992970772E-5,68,184.41800000000012,-1.1494252873569098E-4,4.2641329336108034E-5,2.7120294117647075,1.1494466597593061E-4,0.0,0.9748807373968315,0.025119262603168546,normal,2026-04-21 20:19:30,2026-04-21 20:20:30
ETHUSDT,2026-04-21T20:19:30.000-06:00,2026-04-21T20:20:30.000-06:00,2345.37,2345.8,2345.547115902975,0.01472490274652661,371,30.164599999999865,-1.0657345042203086E-4,5.173471444924831E-5,0.08130619946091608,1.833260978152435E-4,0.0,0.9676160441330842,0.03238395586691578,normal,2026-04-21 20:19:30,2026-04-21 20:20:30
AVAXUSDT,2026-04-21T20:19:30.000-06:00,2026-04-21T20:20:30.000-06:00,9.49,9.5,9.495000000000001,4.999999999999787E-5,2,6.92,0.0010537407797681546,7.447148827662268E-4,3.46,0.0010531858873090874,1.0,0.005120410803521827,0.9948795891964781,anomalo,2026-04-21 20:19:30,2026-04-21 20:20:30
ETHUSDT,2026-04-21T20:19:30.000-06:00,2026-04-21T20:20:30.000-06:00,2345.68,2347.21,2346.3257688540616,0.25129090338364757,1021,45.957399999999915,-6.007131871455278E-4,2.1364861090261095E-4,0.04501214495592548,6.520833638320597E-4,0.0,0.8703874965933998,0.12961250340660024,normal,2026-04-21 20:19:30,2026-04-21 20:20:30
SOLUSDT,2026-04-21T20:19:30.000-06:00,2026-04-21T20:20:30.000-06:00,86.99,87.03,87.00761363636371,6.741558441567004E-5,176,304.0769999999998,-3.447087211306577E-4,9.43675966200794E-5,1.7277102272727263,4.5972988257304376E-4,0.0,0.9401438170650956,0.059856182934904356,normal,2026-04-21 20:19:30,2026-04-21 20:20:30
AVAXUSDT,2026-04-21T20:19:30.000-06:00,2026-04-21T20:20:30.000-06:00,9.49,9.49,9.49,0.0,16,171.65,0.0,0.0,10.728125,0.0,0.0,0.9828880345523754,0.01711196544762461,normal,2026-04-21 20:19:30,2026-04-21 20:20:30
XRPUSDT,2026-04-21T20:19:30.000-06:00,2026-04-21T20:20:30.000-06:00,1.4393,1.4397,1.4394644067796618,1.095265926359074E-8,59,1807.8999999999999,-2.0837674515521772E-4,7.270409248811308E-5,30.64237288135593,2.7788113281302117E-4,0.0,0.9593813689221312,0.04061863107786878,normal,2026-04-21 20:19:30,2026-04-21 20:20:30
BTCUSDT,2026-04-21T20:19:30.000-06:00,2026-04-21T20:20:30.000-06:00,76989.4,77018.01,77005.25501322719,107.24090900827414,756,1.539900000000001,-3.434262120542872E-4,1.3448067486182726E-4,0.002036904761904763,3.715330855678128E-4,0.0,0.9400507253303253,0.0599492746696747,normal,2026-04-21 20:19:30,2026-04-21 20:20:30
BNBUSDT,2026-04-21T20:19:30.000-06:00,2026-04-21T20:20:30.000-06:00,636.56,636.6,636.5871014492752,2.1794543904468276E-4,69,11.855000000000008,-4.712535344010794E-5,2.319081747636838E-5,0.17181159420289865,6.28350777277956E-5,0.0,0.9783929320249393,0.021607067975060734,normal,2026-04-21 20:19:30,2026-04-21 20:20:30
BTCUSDT,2026-04-21T20:19:30.000-06:00,2026-04-21T20:20:30.000-06:00,77018.0,77044.45,77027.6414028313,57.567995065109834,777,0.6818700000000006,-3.4330831098148006E-4,9.850175135868569E-5,8.775675675675684E-4,3.4338322605091307E-4,0.0,0.9549428415878929,0.04505715841210711,normal,2026-04-21 20:19:30,2026-04-21 20:20:30
BNBUSDT,2026-04-21T20:19:30.000-06:00,2026-04-21T20:20:30.000-06:00,636.59,636.82,636.7042718446612,0.004046913755236867,412,160.44199999999978,-3.297686908181761E-4,9.99135087823429E-5,0.3894223300970868,3.6123520788334217E-4,0.0,0.9512970732783536,0.048702926721646445,normal,2026-04-21 20:19:30,2026-04-21 20:20:30
XRPUSDT,2026-04-21T20:19:30.000-06:00,2026-04-21T20:20:30.000-06:00,1.4396,1.44,1.4398422222222238,1.3253433208478764E-8,90,11993.5,-2.777777777777472E-4,7.995567465253664E-5,133.26111111111112,2.7780821664098997E-4,0.0,0.9608506527456704,0.039149347254329614,normal,2026-04-21 20:19:30,2026-04-21 20:20:30
DOGEUSDT,2026-04-21T20:19:30.000-06:00,2026-04-21T20:20:30.000-06:00,0.09589,0.0959,0.09589352941176466,2.3529411764668167E-11,34,34546.0,0.0,5.05843567389612E-5,1016.0588235294117,1.0428232291937393E-4,0.0,0.9578110860650496,0.04218891393495039,normal,2026-04-21 20:19:30,2026-04-21 20:20:30
ADAUSDT,2026-04-21T20:19:30.000-06:00,2026-04-21T20:20:30.000-06:00,0.2523,0.2524,0.25235714285714284,2.857142857142105E-9,7,6598.900000000001,0.0,2.1181190980885646E-4,942.7,3.962637984715103E-4,0.0,0.7906733745610943,0.20932662543890568,normal,2026-04-21 20:19:30,2026-04-21 20:20:30
ADAUSDT,2026-04-21T20:19:30.000-06:00,2026-04-21T20:20:30.000-06:00,0.2523,0.2525,0.2524291666666665,2.5354609929122646E-9,48,133214.19999999998,-3.960396039603524E-4,1.9947521101482696E-4,2775.295833333333,7.923014707095184E-4,0.0,0.5904393440793553,0.4095606559206447,normal,2026-04-21 20:19:30,2026-04-21 20:20:30
DOGEUSDT,2026-04-21T20:19:30.000-06:00,2026-04-21T20:20:30.000-06:00,0.0959,0.0959,0.0959,0.0,27,23269.0,0.0,0.0,861.8148148148148,0.0,0.0,0.9776359327703227,0.02236406722967732,normal,2026-04-21 20:19:30,2026-04-21 20:20:30
BNBUSDT,2026-04-21T20:20:00.000-06:00,2026-04-21T20:21:00.000-06:00,636.22,636.47,636.3451572327045,0.005875766260655525,159,13.774000000000001,-3.7707983094255673E-4,1.2045907175206349E-4,0.08662893081761007,3.9286855122333823E-4,0.0,0.9445547191700494,0.055445280829950594,normal,2026-04-21 20:20:00,2026-04-21 20:21:00
SOLUSDT,2026-04-21T20:20:00.000-06:00,2026-04-21T20:21:00.000-06:00,86.99,87.01,86.99542435424381,4.861555282224837E-5,271,468.9849999999976,-1.1492931846920027E-4,8.014772574393975E-5,1.7305719557195485,2.2989714859681114E-4,0.0,0.9570619806071481,0.04293801939285191,normal,2026-04-21 20:20:00,2026-04-21 20:21:00
SOLUSDT,2026-04-21T20:20:00.000-06:00,2026-04-21T20:21:00.000-06:00,86.99,87.0,86.99838235294114,1.3762071992970772E-5,68,184.41800000000012,-1.1494252873569098E-4,4.2641329336108034E-5,2.7120294117647075,1.1494466597593061E-4,0.0,0.9748807373968315,0.025119262603168546,normal,2026-04-21 20:20:00,2026-04-21 20:21:00
BNBUSDT,2026-04-21T20:20:00.000-06:00,2026-04-21T20:21:00.000-06:00,636.56,636.6,636.5871014492752,2.1794543904468276E-4,69,11.855000000000008,-4.712535344010794E-5,2.319081747636838E-5,0.17181159420289865,6.28350777277956E-5,0.0,0.9783929320249393,0.021607067975060734,normal,2026-04-21 20:20:00,2026-04-21 20:21:00
BNBUSDT,2026-04-21T20:20:00.000-06:00,2026-04-21T20:21:00.000-06:00,636.34,636.48,636.4133613445379,0.0021513174761622856,119,57.19400000000002,6.285058843875573E-5,7.288077188476892E-5,0.4806218487394959,2.1998281070688262E-4,0.0,0.946867611363609,0.053132388636391026,normal,2026-04-21 20:20:00,2026-04-21 20:21:00
SOLUSDT,2026-04-21T20:20:00.000-06:00,2026-04-21T20:21:00.000-06:00,86.98,87.03,87.01075313807546,2.9018670229519883E-4,239,1222.2819999999983,4.5987583352485677E-4,1.9577887373327976E-4,5.1141506276150555,5.746416183831124E-4,0.0,0.6129009657631711,0.3870990342368289,normal,2026-04-21 20:20:00,2026-04-21 20:21:00
SOLUSDT,2026-04-21T20:20:00.000-06:00,2026-04-21T20:21:00.000-06:00,86.99,87.03,87.00761363636371,6.741558441567004E-5,176,304.0769999999998,-3.447087211306577E-4,9.43675966200794E-5,1.7277102272727263,4.5972988257304376E-4,0.0,0.9401438170650956,0.059856182934904356,normal,2026-04-21 20:20:00,2026-04-21 20:21:00
BNBUSDT,2026-04-21T20:20:00.000-06:00,2026-04-21T20:21:00.000-06:00,636.59,636.82,636.7042718446612,0.004046913755236867,412,160.44199999999978,-3.297686908181761E-4,9.99135087823429E-5,0.3894223300970868,3.6123520788334217E-4,0.0,0.9512970732783536,0.048702926721646445,normal,2026-04-21 20:20:00,2026-04-21 20:21:00
SOLUSDT,2026-04-21T20:20:00.000-06:00,2026-04-21T20:21:00.000-06:00,86.98,87.0,86.98935064935047,5.0888585098930255E-5,77,212.20900000000012,-2.2988505747121863E-4,8.200571112406127E-5,2.7559610389610403,2.2991320030212636E-4,0.0,0.9638843072066966,0.0361156927933034,normal,2026-04-21 20:20:00,2026-04-21 20:21:00
BNBUSDT,2026-04-21T20:20:00.000-06:00,2026-04-21T20:21:00.000-06:00,636.43,636.57,636.5103846153838,0.0019760943476538223,182,24.962000000000014,-2.199286802709836E-4,6.983905342155107E-5,0.13715384615384624,2.1994927872967242E-4,0.0,0.9668068250261952,0.033193174973804807,normal,2026-04-21 20:20:00,2026-04-21 20:21:00
ETHUSDT,2026-04-21T20:20:00.000-06:00,2026-04-21T20:21:00.000-06:00,2344.7,2345.32,2345.0179969183428,0.0339092530770371,649,21.905899999999907,9.809273601966043E-5,7.852590164798534E-5,0.033753312788905865,2.643902950063095E-4,0.0,0.9347448544078838,0.0652551455921162,normal,2026-04-21 20:20:00,2026-04-21 20:21:00
DOGEUSDT,2026-04-21T20:20:00.000-06:00,2026-04-21T20:21:00.000-06:00,0.09587,0.0959,0.09588351351351349,6.419844502038607E-11,74,41389.0,0.0,8.356382573694346E-5,559.3108108108108,3.1287964844732303E-4,0.0,0.9226542509859642,0.07734574901403579,normal,2026-04-21 20:20:00,2026-04-21 20:21:00
ADAUSDT,2026-04-21T20:20:00.000-06:00,2026-04-21T20:21:00.000-06:00,0.2523,0.2525,0.2524000000000001,2.499999999999459E-9,17,10158.5,3.961965134706378E-4,1.980982567353192E-4,597.5588235294117,7.923930269412752E-4,1.0,0.4377088960255415,0.5622911039744585,anomalo,2026-04-21 20:20:00,2026-04-21 20:21:00
XRPUSDT,2026-04-21T20:20:00.000-06:00,2026-04-21T20:21:00.000-06:00,1.4391,1.4394,1.4392256410256417,8.798920377880497E-9,39,3841.999999999999,2.0846362309774648E-4,6.517571528803865E-5,98.51282051282048,2.0844542471198376E-4,0.0,0.936182080637877,0.063817919362123,normal,2026-04-21 20:20:00,2026-04-21 20:21:00
ADAUSDT,2026-04-21T20:20:00.000-06:00,2026-04-21T20:21:00.000-06:00,0.2522,0.2524,0.2523148148148148,2.4178895876992664E-9,54,45507.999999999985,-7.923930269414955E-4,1.948836842864037E-4,842.7407407407404,7.926605504588483E-4,0.0,0.8422534824332211,0.15774651756677893,normal,2026-04-21 20:20:00,2026-04-21 20:21:00
ETHUSDT,2026-04-21T20:20:00.000-06:00,2026-04-21T20:21:00.000-06:00,2343.89,2344.94,2344.452563600778,0.09801105129022573,1022,236.4151999999948,-3.880696307794035E-4,1.335352961449535E-4,0.2313260273972552,4.4786574755324406E-4,0.0,0.9320267808959467,0.0679732191040533,normal,2026-04-21 20:20:00,2026-04-21 20:21:00
XRPUSDT,2026-04-21T20:20:00.000-06:00,2026-04-21T20:21:00.000-06:00,1.4385,1.4393,1.438916891891892,5.978075013790578E-8,148,2783.1,-5.558257486278982E-4,1.6992018382193955E-4,18.80472972972973,5.559737358759419E-4,0.0,0.9140223553182201,0.08597764468177993,normal,2026-04-21 20:20:00,2026-04-21 20:21:00
DOGEUSDT,2026-04-21T20:20:00.000-06:00,2026-04-21T20:21:00.000-06:00,0.09584,0.09588,0.095858740740741,1.842233278045641E-10,135,185598.0,-3.128911138923889E-4,1.4159261155643723E-4,1374.8,4.172806745729742E-4,0.0,0.8897187140782892,0.11028128592171083,normal,2026-04-21 20:20:00,2026-04-21 20:21:00
XRPUSDT,2026-04-21T20:20:00.000-06:00,2026-04-21T20:21:00.000-06:00,1.4393,1.4397,1.4394644067796618,1.095265926359074E-8,59,1807.8999999999999,-2.0837674515521772E-4,7.270409248811308E-5,30.64237288135593,2.7788113281302117E-4,0.0,0.9593813689221312,0.04061863107786878,normal,2026-04-21 20:20:00,2026-04-21 20:21:00
DOGEUSDT,2026-04-21T20:20:00.000-06:00,2026-04-21T20:21:00.000-06:00,0.09589,0.0959,0.09589352941176466,2.3529411764668167E-11,34,34546.0,0.0,5.05843567389612E-5,1016.0588235294117,1.0428232291937393E-4,0.0,0.9578110860650496,0.04218891393495039,normal,2026-04-21 20:20:00,2026-04-21 20:21:00
ETHUSDT,2026-04-21T20:20:00.000-06:00,2026-04-21T20:21:00.000-06:00,2345.37,2345.8,2345.547115902975,0.01472490274652661,371,30.164599999999865,-1.0657345042203086E-4,5.173471444924831E-5,0.08130619946091608,1.833260978152435E-4,0.0,0.9676160441330842,0.03238395586691578,normal,2026-04-21 20:20:00,2026-04-21 20:21:00
ADAUSDT,2026-04-21T20:20:00.000-06:00,2026-04-21T20:21:00.000-06:00,0.2523,0.2524,0.25235714285714284,2.857142857142105E-9,7,6598.900000000001,0.0,2.1181190980885646E-4,942.7,3.962637984715103E-4,0.0,0.7906733745610943,0.20932662543890568,normal,2026-04-21 20:20:00,2026-04-21 20:21:00
ETHUSDT,2026-04-21T20:20:00.000-06:00,2026-04-21T20:21:00.000-06:00,2345.68,2347.21,2346.3257688540616,0.25129090338364757,1021,45.957399999999915,-6.007131871455278E-4,2.1364861090261095E-4,0.04501214495592548,6.520833638320597E-4,0.0,0.8703874965933998,0.12961250340660024,normal,2026-04-21 20:20:00,2026-04-21 20:21:00
XRPUSDT,2026-04-21T20:20:00.000-06:00,2026-04-21T20:21:00.000-06:00,1.4396,1.44,1.4398422222222238,1.3253433208478764E-8,90,11993.5,-2.777777777777472E-4,7.995567465253664E-5,133.26111111111112,2.7780821664098997E-4,0.0,0.9608506527456704,0.039149347254329614,normal,2026-04-21 20:20:00,2026-04-21 20:21:00
ADAUSDT,2026-04-21T20:20:00.000-06:00,2026-04-21T20:21:00.000-06:00,0.2523,0.2525,0.2524291666666665,2.5354609929122646E-9,48,133214.19999999998,-3.960396039603524E-4,1.9947521101482696E-4,2775.295833333333,7.923014707095184E-4,0.0,0.5904393440793553,0.4095606559206447,normal,2026-04-21 20:20:00,2026-04-21 20:21:00
DOGEUSDT,2026-04-21T20:20:00.000-06:00,2026-04-21T20:21:00.000-06:00,0.0959,0.0959,0.0959,0.0,27,23269.0,0.0,0.0,861.8148148148148,0.0,0.0,0.9776359327703227,0.02236406722967732,normal,2026-04-21 20:20:00,2026-04-21 20:21:00
AVAXUSDT,2026-04-21T20:20:00.000-06:00,2026-04-21T20:21:00.000-06:00,9.49,9.5,9.495000000000001,4.999999999999787E-5,2,6.92,0.0010537407797681546,7.447148827662268E-4,3.46,0.0010531858873090874,1.0,0.005120410803521827,0.9948795891964781,anomalo,2026-04-21 20:20:00,2026-04-21 20:21:00
ETHUSDT,2026-04-21T20:20:00.000-06:00,2026-04-21T20:21:00.000-06:00,2344.72,2345.55,2345.1765022421496,0.044161938267480376,892,30.278099999999498,-3.5386156764954143E-4,8.960836001890218E-5,0.033944058295963565,3.539179243894202E-4,0.0,0.9567562251853136,0.04324377481468644,normal,2026-04-21 20:20:00,2026-04-21 20:21:00
DOGEUSDT,2026-04-21T20:20:00.000-06:00,2026-04-21T20:21:00.000-06:00,0.09587,0.09589,0.09588685714285707,3.055900621112697E-11,70,50153.0,-2.0857232245287437E-4,5.765148909217532E-5,716.4714285714285,2.085791587705197E-4,0.0,0.9619536833283788,0.03804631667162117,normal,2026-04-21 20:20:00,2026-04-21 20:21:00
XRPUSDT,2026-04-21T20:20:00.000-06:00,2026-04-21T20:21:00.000-06:00,1.4392,1.4394,1.4392633333333331,4.471264367819759E-9,30,294.7,-6.947821857846799E-5,4.645954079237151E-5,9.823333333333332,1.3895997721054845E-4,0.0,0.9703840440446956,0.02961595595530442,normal,2026-04-21 20:20:00,2026-04-21 20:21:00
AVAXUSDT,2026-04-21T20:20:00.000-06:00,2026-04-21T20:21:00.000-06:00,9.49,9.49,9.49,0.0,16,171.65,0.0,0.0,10.728125,0.0,0.0,0.9828880345523754,0.01711196544762461,normal,2026-04-21 20:20:00,2026-04-21 20:21:00
BTCUSDT,2026-04-21T20:20:00.000-06:00,2026-04-21T20:21:00.000-06:00,76989.4,77018.01,77005.25501322719,107.24090900827414,756,1.539900000000001,-3.434262120542872E-4,1.3448067486182726E-4,0.002036904761904763,3.715330855678128E-4,0.0,0.9400507253303253,0.0599492746696747,normal,2026-04-21 20:20:00,2026-04-21 20:21:00
BTCUSDT,2026-04-21T20:20:00.000-06:00,2026-04-21T20:21:00.000-06:00,77018.0,77044.45,77027.6414028313,57.567995065109834,777,0.6818700000000006,-3.4330831098148006E-4,9.850175135868569E-5,8.775675675675684E-4,3.4338322605091307E-4,0.0,0.9549428415878929,0.04505715841210711,normal,2026-04-21 20:20:00,2026-04-21 20:21:00
AVAXUSDT,2026-04-21T20:20:00.000-06:00,2026-04-21T20:21:00.000-06:00,9.5,9.5,9.5,0.0,2,2.99,0.0,0.0,1.495,0.0,0.0,0.9829377826898041,0.01706221731019586,normal,2026-04-21 20:20:00,2026-04-21 20:21:00
BTCUSDT,2026-04-21T20:20:00.000-06:00,2026-04-21T20:21:00.000-06:00,76914.93,76963.37,76938.74267605621,206.405286132193,852,6.442980000000009,-4.143529577771792E-4,1.867305270217363E-4,0.00756218309859156,6.295917806189617E-4,0.0,0.8608938478683946,0.13910615213160538,normal,2026-04-21 20:20:00,2026-04-21 20:21:00
BTCUSDT,2026-04-21T20:20:00.000-06:00,2026-04-21T20:21:00.000-06:00,76963.2,76974.86,76967.80192019975,23.63694755375893,401,5.469480000000003,-1.559181055681778E-6,6.316647063941127E-5,0.01363960099750624,1.514919188168136E-4,0.0,0.9623343960632351,0.03766560393676488,normal,2026-04-21 20:20:00,2026-04-21 20:21:00
BTCUSDT,2026-04-21T20:20:00.000-06:00,2026-04-21T20:21:00.000-06:00,76963.48,76993.81,76983.74107868031,54.721462494545136,788,1.2241500000000065,-3.644555798655524E-4,9.609036340091145E-5,0.0015534898477157443,3.9397929452406494E-4,0.0,0.9508160014770528,0.04918399852294719,normal,2026-04-21 20:20:00,2026-04-21 20:21:00
ADAUSDT,2026-04-21T20:20:30.000-06:00,2026-04-21T20:21:30.000-06:00,0.2522,0.2524,0.2523148148148148,2.4178895876992664E-9,54,45507.999999999985,-7.923930269414955E-4,1.948836842864037E-4,842.7407407407404,7.926605504588483E-4,0.0,0.8422534824332211,0.15774651756677893,normal,2026-04-21 20:20:30,2026-04-21 20:21:30
BNBUSDT,2026-04-21T20:20:30.000-06:00,2026-04-21T20:21:30.000-06:00,636.22,636.47,636.3451572327045,0.005875766260655525,159,13.774000000000001,-3.7707983094255673E-4,1.2045907175206349E-4,0.08662893081761007,3.9286855122333823E-4,0.0,0.9445547191700494,0.055445280829950594,normal,2026-04-21 20:20:30,2026-04-21 20:21:30
ETHUSDT,2026-04-21T20:20:30.000-06:00,2026-04-21T20:21:30.000-06:00,2343.89,2344.94,2344.452563600778,0.09801105129022573,1022,236.4151999999948,-3.880696307794035E-4,1.335352961449535E-4,0.2313260273972552,4.4786574755324406E-4,0.0,0.9320267808959467,0.0679732191040533,normal,2026-04-21 20:20:30,2026-04-21 20:21:30
AVAXUSDT,2026-04-21T20:20:30.000-06:00,2026-04-21T20:21:30.000-06:00,9.5,9.5,9.5,0.0,2,2.99,0.0,0.0,1.495,0.0,0.0,0.9829377826898041,0.01706221731019586,normal,2026-04-21 20:20:30,2026-04-21 20:21:30
DOGEUSDT,2026-04-21T20:20:30.000-06:00,2026-04-21T20:21:30.000-06:00,0.09582,0.09586,0.09584524691358032,1.7788896557044821E-10,162,390690.0,0.0,1.3915663690498446E-4,2411.6666666666665,4.173394225387589E-4,0.0,0.7768769039308685,0.2231230960691315,normal,2026-04-21 20:20:30,2026-04-21 20:21:30
SOLUSDT,2026-04-21T20:20:30.000-06:00,2026-04-21T20:21:30.000-06:00,86.97,87.02,86.99697885196372,1.7508743019290453E-4,331,688.6080000000002,1.1492931846903695E-4,1.5209793337630001E-4,2.080386706948641,5.747326017502106E-4,0.0,0.7868967705843797,0.21310322941562032,normal,2026-04-21 20:20:30,2026-04-21 20:21:30
XRPUSDT,2026-04-21T20:20:30.000-06:00,2026-04-21T20:21:30.000-06:00,1.438,1.4387,1.438311848341232,3.7335138794794725E-8,211,27190.499999999978,2.7810609747631096E-4,1.343401494311635E-4,128.8649289099525,4.8668166142650974E-4,0.0,0.7941825031660125,0.20581749683398753,normal,2026-04-21 20:20:30,2026-04-21 20:21:30
BNBUSDT,2026-04-21T20:20:30.000-06:00,2026-04-21T20:21:30.000-06:00,636.34,636.48,636.4133613445379,0.0021513174761622856,119,57.19400000000002,6.285058843875573E-5,7.288077188476892E-5,0.4806218487394959,2.1998281070688262E-4,0.0,0.946867611363609,0.053132388636391026,normal,2026-04-21 20:20:30,2026-04-21 20:21:30
ETHUSDT,2026-04-21T20:20:30.000-06:00,2026-04-21T20:21:30.000-06:00,2344.7,2345.32,2345.0179969183428,0.0339092530770371,649,21.905899999999907,9.809273601966043E-5,7.852590164798534E-5,0.033753312788905865,2.643902950063095E-4,0.0,0.9347448544078838,0.0652551455921162,normal,2026-04-21 20:20:30,2026-04-21 20:21:30
ADAUSDT,2026-04-21T20:20:30.000-06:00,2026-04-21T20:21:30.000-06:00,0.2523,0.2525,0.2524000000000001,2.499999999999459E-9,17,10158.5,3.961965134706378E-4,1.980982567353192E-4,597.5588235294117,7.923930269412752E-4,1.0,0.4377088960255415,0.5622911039744585,anomalo,2026-04-21 20:20:30,2026-04-21 20:21:30
SOLUSDT,2026-04-21T20:20:30.000-06:00,2026-04-21T20:21:30.000-06:00,86.99,87.03,87.01502824858781,8.87776065740006E-5,177,171.82000000000008,2.2988505747121863E-4,1.0828229469375841E-4,0.9707344632768367,4.596907086639419E-4,0.0,0.8466798234892077,0.15332017651079233,normal,2026-04-21 20:20:30,2026-04-21 20:21:30
XRPUSDT,2026-04-21T20:20:30.000-06:00,2026-04-21T20:21:30.000-06:00,1.4384,1.4386,1.4385019999999997,5.097959183674891E-9,50,2984.0000000000014,-1.3902405116098985E-4,4.9634963513041616E-5,59.68000000000003,1.3903352237271832E-4,0.0,0.9726072498427255,0.027392750157274492,normal,2026-04-21 20:20:30,2026-04-21 20:21:30
SOLUSDT,2026-04-21T20:20:30.000-06:00,2026-04-21T20:21:30.000-06:00,87.0,87.01,87.00757281553409,1.856082238720722E-5,103,144.43500000000003,-1.1492931846920027E-4,4.951554389068364E-5,1.4022815533980586,1.1493252456549097E-4,0.0,0.9738300637004946,0.02616993629950537,normal,2026-04-21 20:20:30,2026-04-21 20:21:30
XRPUSDT,2026-04-21T20:20:30.000-06:00,2026-04-21T20:21:30.000-06:00,1.4383,1.4384,1.4383516129032252,2.5806451612857643E-9,31,1240.8999999999999,0.0,3.5318242315934506E-5,40.02903225806451,6.95240295230351E-5,0.0,0.974109462885324,0.025890537114676038,normal,2026-04-21 20:20:30,2026-04-21 20:21:30
DOGEUSDT,2026-04-21T20:20:30.000-06:00,2026-04-21T20:21:30.000-06:00,0.09584,0.09588,0.09586063063063084,1.3868959868939779E-10,111,149457.0,-3.128911138923889E-4,1.2285183959230285E-4,1346.4594594594594,4.172724478951095E-4,0.0,0.901394464073102,0.09860553592689802,normal,2026-04-21 20:20:30,2026-04-21 20:21:30
ETHUSDT,2026-04-21T20:20:30.000-06:00,2026-04-21T20:21:30.000-06:00,2344.72,2345.55,2345.1765022421496,0.044161938267480376,892,30.278099999999498,-3.5386156764954143E-4,8.960836001890218E-5,0.033944058295963565,3.539179243894202E-4,0.0,0.9567562251853136,0.04324377481468644,normal,2026-04-21 20:20:30,2026-04-21 20:21:30
BNBUSDT,2026-04-21T20:20:30.000-06:00,2026-04-21T20:21:30.000-06:00,636.43,636.57,636.5103846153838,0.0019760943476538223,182,24.962000000000014,-2.199286802709836E-4,6.983905342155107E-5,0.13715384615384624,2.1994927872967242E-4,0.0,0.9668068250261952,0.033193174973804807,normal,2026-04-21 20:20:30,2026-04-21 20:21:30
DOGEUSDT,2026-04-21T20:20:30.000-06:00,2026-04-21T20:21:30.000-06:00,0.09585,0.09589,0.09587038461538464,5.829170829185952E-11,78,28309.0,3.1298904538343503E-4,7.963773905754023E-5,362.93589743589746,4.1722999402236087E-4,0.0,0.8519838807540984,0.14801611924590163,normal,2026-04-21 20:20:30,2026-04-21 20:21:30
BTCUSDT,2026-04-21T20:20:30.000-06:00,2026-04-21T20:21:30.000-06:00,76923.48,76947.96,76936.0392987011,58.26069885720859,770,5.251730000000006,-1.520733248197581E-5,9.921058718478507E-5,0.006820428571428579,3.1818638213188823E-4,0.0,0.9290492860366727,0.0709507139633273,normal,2026-04-21 20:20:30,2026-04-21 20:21:30
BTCUSDT,2026-04-21T20:20:30.000-06:00,2026-04-21T20:21:30.000-06:00,76928.39,76950.0,76938.51108108085,26.567714318273946,666,0.9644100000000059,-4.0295592871083356E-5,6.699360044729211E-5,0.0014480630630630718,2.808736443733244E-4,0.0,0.9487319741240419,0.051268025875958134,normal,2026-04-21 20:20:30,2026-04-21 20:21:30
BTCUSDT,2026-04-21T20:20:30.000-06:00,2026-04-21T20:21:30.000-06:00,76914.18,76936.57,76923.87547897207,51.19454479920275,856,1.2508600000000065,1.0620265077673274E-4,9.301450660863757E-5,0.0014612850467289795,2.9106697836791265E-4,0.0,0.9230066055468821,0.07699339445311792,normal,2026-04-21 20:20:30,2026-04-21 20:21:30
BTCUSDT,2026-04-21T20:20:30.000-06:00,2026-04-21T20:21:30.000-06:00,76963.2,76974.86,76967.80192019975,23.63694755375893,401,5.469480000000003,-1.559181055681778E-6,6.316647063941127E-5,0.01363960099750624,1.514919188168136E-4,0.0,0.9623343960632351,0.03766560393676488,normal,2026-04-21 20:20:30,2026-04-21 20:21:30
BTCUSDT,2026-04-21T20:20:30.000-06:00,2026-04-21T20:21:30.000-06:00,76914.93,76963.37,76938.74267605621,206.405286132193,852,6.442980000000009,-4.143529577771792E-4,1.867305270217363E-4,0.00756218309859156,6.295917806189617E-4,0.0,0.8608938478683946,0.13910615213160538,normal,2026-04-21 20:20:30,2026-04-21 20:21:30
BNBUSDT,2026-04-21T20:20:30.000-06:00,2026-04-21T20:21:30.000-06:00,635.83,636.12,636.0017777777774,0.0063432539682343496,225,23.218999999999923,3.144209152789984E-5,1.252269261178092E-4,0.10319555555555521,4.559735682079984E-4,0.0,0.8750334307991696,0.12496656920083038,normal,2026-04-21 20:20:30,2026-04-21 20:21:30
ETHUSDT,2026-04-21T20:20:30.000-06:00,2026-04-21T20:21:30.000-06:00,2342.23,2344.59,2343.4708561020075,0.40026362375938074,1098,219.57699999999534,-2.5164421772775746E-4,2.699687555062882E-4,0.19997905282331088,0.0010070532747847411,1.0,0.4939222152952313,0.5060777847047687,anomalo,2026-04-21 20:20:30,2026-04-21 20:21:30
AVAXUSDT,2026-04-21T20:20:30.000-06:00,2026-04-21T20:21:30.000-06:00,9.5,9.51,9.501999999999999,1.6410256410256458E-5,40,3544.12,0.001052631578947346,4.263268225988921E-4,88.603,0.001052410018943358,1.0,0.034728949214281955,0.9652710507857181,anomalo,2026-04-21 20:20:30,2026-04-21 20:21:30
ADAUSDT,2026-04-21T20:20:30.000-06:00,2026-04-21T20:21:30.000-06:00,0.2521,0.2523,0.25220125000000027,2.909810126585325E-9,80,132196.0,3.9651070578923276E-4,2.1388734556087793E-4,1652.45,7.930174810792305E-4,1.0,0.33431140618929234,0.6656885938107077,anomalo,2026-04-21 20:20:30,2026-04-21 20:21:30
BNBUSDT,2026-04-21T20:20:30.000-06:00,2026-04-21T20:21:30.000-06:00,636.02,636.12,636.0677586206892,0.001172323838084159,116,1.336999999999999,-6.28812173803113E-5,5.3829508652571014E-5,0.01152586206896551,1.5721595481725469E-4,0.0,0.9672214450276607,0.03277855497233928,normal,2026-04-21 20:20:30,2026-04-21 20:21:30
ETHUSDT,2026-04-21T20:20:30.000-06:00,2026-04-21T20:21:30.000-06:00,2343.87,2344.59,2344.167142857145,0.04026369337929689,616,22.528299999999938,6.824686597608341E-5,8.559890925624482E-5,0.036571915584415485,3.0714533398104707E-4,0.0,0.9274353103753353,0.07256468962466467,normal,2026-04-21 20:20:30,2026-04-21 20:21:30
ADAUSDT,2026-04-21T20:20:30.000-06:00,2026-04-21T20:21:30.000-06:00,0.2522,0.2524,0.25224239130434783,2.6887243191614548E-9,92,62663.800000000054,0.0,2.055677880041823E-4,681.1282608695658,7.928881381350357E-4,0.0,0.5834290491738332,0.4165709508261668,normal,2026-04-21 20:20:30,2026-04-21 20:21:30
AVAXUSDT,2026-04-21T20:20:30.000-06:00,2026-04-21T20:21:30.000-06:00,9.49,9.5,9.498333333333333,1.4492753623189779E-5,24,855.4199999999998,0.0010537407797681546,4.008003093315935E-4,35.64249999999999,0.0010528162835584966,1.0,0.040970485360772246,0.9590295146392278,anomalo,2026-04-21 20:20:30,2026-04-21 20:21:30
ADAUSDT,2026-04-21T20:20:30.000-06:00,2026-04-21T20:21:30.000-06:00,0.2523,0.2524,0.25232499999999997,1.9565217391289756E-9,24,33708.4,3.9635354736420524E-4,1.7530005685704013E-4,1404.5166666666667,3.963142772217933E-4,0.0,0.6779566133796704,0.3220433866203296,normal,2026-04-21 20:20:30,2026-04-21 20:21:30
ETHUSDT,2026-04-21T20:20:30.000-06:00,2026-04-21T20:21:30.000-06:00,2344.02,2345.0,2344.5299885583545,0.06473276046415832,874,9.207900000000054,1.7064628012424592E-4,1.0851912207082226E-4,0.010535354691075575,4.1799422689518155E-4,0.0,0.8725564855261874,0.12744351447381264,normal,2026-04-21 20:20:30,2026-04-21 20:21:30
BNBUSDT,2026-04-21T20:20:30.000-06:00,2026-04-21T20:21:30.000-06:00,636.12,636.27,636.2231683168319,0.0015919018767443845,202,10.730000000000022,-1.7289345048176547E-4,6.271171349281881E-5,0.05311881188118823,2.35766327712981E-4,0.0,0.9641784706100005,0.035821529389999496,normal,2026-04-21 20:20:30,2026-04-21 20:21:30
AVAXUSDT,2026-04-21T20:20:30.000-06:00,2026-04-21T20:21:30.000-06:00,9.49,9.5,9.49794117647059,1.6844919786098292E-5,34,534.3299999999999,-0.001052631578947346,4.3212062750892154E-4,15.715588235294115,0.0010528597528876,0.0,0.5442674182284682,0.45573258177153175,normal,2026-04-21 20:20:30,2026-04-21 20:21:30
BTCUSDT,2026-04-21T20:20:30.000-06:00,2026-04-21T20:21:30.000-06:00,76963.48,76993.81,76983.74107868031,54.721462494545136,788,1.2241500000000065,-3.644555798655524E-4,9.609036340091145E-5,0.0015534898477157443,3.9397929452406494E-4,0.0,0.9508160014770528,0.04918399852294719,normal,2026-04-21 20:20:30,2026-04-21 20:21:30
SOLUSDT,2026-04-21T20:20:30.000-06:00,2026-04-21T20:21:30.000-06:00,86.99,87.01,86.99542435424381,4.861555282224837E-5,271,468.9849999999976,-1.1492931846920027E-4,8.014772574393975E-5,1.7305719557195485,2.2989714859681114E-4,0.0,0.9570619806071481,0.04293801939285191,normal,2026-04-21 20:20:30,2026-04-21 20:21:30
XRPUSDT,2026-04-21T20:20:30.000-06:00,2026-04-21T20:21:30.000-06:00,1.4385,1.4393,1.438916891891892,5.978075013790578E-8,148,2783.1,-5.558257486278982E-4,1.6992018382193955E-4,18.80472972972973,5.559737358759419E-4,0.0,0.9140223553182201,0.08597764468177993,normal,2026-04-21 20:20:30,2026-04-21 20:21:30
SOLUSDT,2026-04-21T20:20:30.000-06:00,2026-04-21T20:21:30.000-06:00,86.98,87.0,86.98935064935047,5.0888585098930255E-5,77,212.20900000000012,-2.2988505747121863E-4,8.200571112406127E-5,2.7559610389610403,2.2991320030212636E-4,0.0,0.9638843072066966,0.0361156927933034,normal,2026-04-21 20:20:30,2026-04-21 20:21:30
XRPUSDT,2026-04-21T20:20:30.000-06:00,2026-04-21T20:21:30.000-06:00,1.4392,1.4394,1.4392633333333331,4.471264367819759E-9,30,294.7,-6.947821857846799E-5,4.645954079237151E-5,9.823333333333332,1.3895997721054845E-4,0.0,0.9703840440446956,0.02961595595530442,normal,2026-04-21 20:20:30,2026-04-21 20:21:30
SOLUSDT,2026-04-21T20:20:30.000-06:00,2026-04-21T20:21:30.000-06:00,86.98,87.03,87.01075313807546,2.9018670229519883E-4,239,1222.2819999999983,4.5987583352485677E-4,1.9577887373327976E-4,5.1141506276150555,5.746416183831124E-4,0.0,0.6129009657631711,0.3870990342368289,normal,2026-04-21 20:20:30,2026-04-21 20:21:30
XRPUSDT,2026-04-21T20:20:30.000-06:00,2026-04-21T20:21:30.000-06:00,1.4391,1.4394,1.4392256410256417,8.798920377880497E-9,39,3841.999999999999,2.0846362309774648E-4,6.517571528803865E-5,98.51282051282048,2.0844542471198376E-4,0.0,0.936182080637877,0.063817919362123,normal,2026-04-21 20:20:30,2026-04-21 20:21:30
DOGEUSDT,2026-04-21T20:20:30.000-06:00,2026-04-21T20:21:30.000-06:00,0.09584,0.09588,0.095858740740741,1.842233278045641E-10,135,185598.0,-3.128911138923889E-4,1.4159261155643723E-4,1374.8,4.172806745729742E-4,0.0,0.8897187140782892,0.11028128592171083,normal,2026-04-21 20:20:30,2026-04-21 20:21:30
DOGEUSDT,2026-04-21T20:20:30.000-06:00,2026-04-21T20:21:30.000-06:00,0.09587,0.0959,0.09588351351351349,6.419844502038607E-11,74,41389.0,0.0,8.356382573694346E-5,559.3108108108108,3.1287964844732303E-4,0.0,0.9226542509859642,0.07734574901403579,normal,2026-04-21 20:20:30,2026-04-21 20:21:30
DOGEUSDT,2026-04-21T20:20:30.000-06:00,2026-04-21T20:21:30.000-06:00,0.09587,0.09589,0.09588685714285707,3.055900621112697E-11,70,50153.0,-2.0857232245287437E-4,5.765148909217532E-5,716.4714285714285,2.085791587705197E-4,0.0,0.9619536833283788,0.03804631667162117,normal,2026-04-21 20:20:30,2026-04-21 20:21:30
SOLUSDT,2026-04-21T20:21:00.000-06:00,2026-04-21T20:22:00.000-06:00,86.95,86.97,86.95403846153839,2.8469079939709435E-5,52,311.2220000000002,-2.2996435552484788E-4,6.13616400751123E-5,5.9850384615384655,2.3000656845676516E-4,0.0,0.9680363693341625,0.03196363066583752,normal,2026-04-21 20:21:00,2026-04-21 20:22:00
DOGEUSDT,2026-04-21T20:21:00.000-06:00,2026-04-21T20:22:00.000-06:00,0.09584,0.09584,0.09584,0.0,5,59984.0,0.0,0.0,11996.8,0.0,0.0,0.5511922773037499,0.44880772269625013,normal,2026-04-21 20:21:00,2026-04-21 20:22:00
AVAXUSDT,2026-04-21T20:21:00.000-06:00,2026-04-21T20:22:00.000-06:00,9.5,9.5,9.5,0.0,3,315.78,0.0,0.0,105.25999999999999,0.0,0.0,0.9823704269404299,0.017629573059570136,normal,2026-04-21 20:21:00,2026-04-21 20:22:00
SOLUSDT,2026-04-21T20:21:00.000-06:00,2026-04-21T20:22:00.000-06:00,86.97,87.02,86.99697885196372,1.7508743019290453E-4,331,688.6080000000002,1.1492931846903695E-4,1.5209793337630001E-4,2.080386706948641,5.747326017502106E-4,0.0,0.7868967705843797,0.21310322941562032,normal,2026-04-21 20:21:00,2026-04-21 20:22:00
DOGEUSDT,2026-04-21T20:21:00.000-06:00,2026-04-21T20:22:00.000-06:00,0.09582,0.09586,0.09584524691358032,1.7788896557044821E-10,162,390690.0,0.0,1.3915663690498446E-4,2411.6666666666665,4.173394225387589E-4,0.0,0.7768769039308685,0.2231230960691315,normal,2026-04-21 20:21:00,2026-04-21 20:22:00
AVAXUSDT,2026-04-21T20:21:00.000-06:00,2026-04-21T20:22:00.000-06:00,9.5,9.51,9.501999999999999,1.6410256410256458E-5,40,3544.12,0.001052631578947346,4.263268225988921E-4,88.603,0.001052410018943358,1.0,0.034728949214281955,0.9652710507857181,anomalo,2026-04-21 20:21:00,2026-04-21 20:22:00
DOGEUSDT,2026-04-21T20:21:00.000-06:00,2026-04-21T20:22:00.000-06:00,0.09584,0.09586,0.09585183098591565,2.0885311871239124E-11,71,157139.0,-2.0863759649495227E-4,4.7678223934482374E-5,2213.225352112676,2.086553777250734E-4,0.0,0.9432955553469023,0.05670444465309765,normal,2026-04-21 20:21:00,2026-04-21 20:22:00
SOLUSDT,2026-04-21T20:21:00.000-06:00,2026-04-21T20:22:00.000-06:00,86.97,87.02,86.99841807909597,1.1111967128904729E-4,177,243.0969999999999,-4.5971727387663773E-4,1.211669338789852E-4,1.373429378531073,5.747230938675101E-4,0.0,0.9211067391945801,0.07889326080541992,normal,2026-04-21 20:21:00,2026-04-21 20:22:00
AVAXUSDT,2026-04-21T20:21:00.000-06:00,2026-04-21T20:22:00.000-06:00,9.5,9.51,9.503888888888888,2.4444444444438018E-5,36,1461.7499999999995,-0.0010515247108306822,5.202220251659337E-4,40.60416666666666,0.0010522008534517811,1.0,0.40734124800857924,0.5926587519914208,anomalo,2026-04-21 20:21:00,2026-04-21 20:22:00
BNBUSDT,2026-04-21T20:21:00.000-06:00,2026-04-21T20:22:00.000-06:00,635.83,636.12,636.0022566371676,0.006366884955732711,226,23.532999999999923,3.144209152789984E-5,1.254598733253428E-4,0.10412831858407046,4.5597322489596994E-4,0.0,0.874875981362117,0.12512401863788303,normal,2026-04-21 20:21:00,2026-04-21 20:22:00
XRPUSDT,2026-04-21T20:21:00.000-06:00,2026-04-21T20:22:00.000-06:00,1.438,1.4387,1.438311848341232,3.7335138794794725E-8,211,27190.499999999978,2.7810609747631096E-4,1.343401494311635E-4,128.8649289099525,4.8668166142650974E-4,0.0,0.7941825031660125,0.20581749683398753,normal,2026-04-21 20:21:00,2026-04-21 20:22:00
ADAUSDT,2026-04-21T20:21:00.000-06:00,2026-04-21T20:22:00.000-06:00,0.2521,0.2523,0.25220125000000027,2.909810126585325E-9,80,132196.0,3.9651070578923276E-4,2.1388734556087793E-4,1652.45,7.930174810792305E-4,1.0,0.33431140618929234,0.6656885938107077,anomalo,2026-04-21 20:21:00,2026-04-21 20:22:00
XRPUSDT,2026-04-21T20:21:00.000-06:00,2026-04-21T20:22:00.000-06:00,1.4382,1.4383,1.438217857142856,1.5211640211636488E-9,28,14333.8,6.953135864274023E-5,2.711835525128596E-5,511.9214285714285,6.953049533027466E-5,0.0,0.9680402114172302,0.03195978858276982,normal,2026-04-21 20:21:00,2026-04-21 20:22:00
BNBUSDT,2026-04-21T20:21:00.000-06:00,2026-04-21T20:22:00.000-06:00,635.66,635.92,635.7847247706422,0.006541168139384092,218,45.34800000000003,-4.0885645993205265E-4,1.2720892042170003E-4,0.20801834862385335,4.0894345187954186E-4,0.0,0.9427544408205144,0.057245559179485594,normal,2026-04-21 20:21:00,2026-04-21 20:22:00
ADAUSDT,2026-04-21T20:21:00.000-06:00,2026-04-21T20:22:00.000-06:00,0.2521,0.2522,0.2521875,1.2499999999997453E-9,8,20180.4,3.966679888932526E-4,1.4019465302334084E-4,2522.55,3.9653035935559446E-4,0.0,0.646013916070045,0.353986083929955,normal,2026-04-21 20:21:00,2026-04-21 20:22:00
BNBUSDT,2026-04-21T20:21:00.000-06:00,2026-04-21T20:22:00.000-06:00,635.92,635.99,635.9579999999999,6.993103448264782E-4,30,0.3270000000000002,-1.1006462365768333E-4,4.1582111776549174E-5,0.010900000000000005,1.1007016186611386E-4,0.0,0.9751962858074719,0.024803714192528137,normal,2026-04-21 20:21:00,2026-04-21 20:22:00
XRPUSDT,2026-04-21T20:21:00.000-06:00,2026-04-21T20:22:00.000-06:00,1.4381,1.4383,1.4382487179487176,3.0904183535840305E-9,39,7457.800000000001,-1.3905304873807828E-4,3.8652237695734164E-5,191.22564102564107,1.390580067995647E-4,0.0,0.9732826318004844,0.026717368199515645,normal,2026-04-21 20:21:00,2026-04-21 20:22:00
ADAUSDT,2026-04-21T20:21:00.000-06:00,2026-04-21T20:22:00.000-06:00,0.2521,0.2522,0.25219600000000014,3.999999999997954E-10,25,40854.6,3.966679888932526E-4,7.93033989436584E-5,1634.184,3.9651699471834976E-4,0.0,0.7795320065981757,0.22046799340182432,normal,2026-04-21 20:21:00,2026-04-21 20:22:00
ADAUSDT,2026-04-21T20:21:00.000-06:00,2026-04-21T20:22:00.000-06:00,0.2522,0.2523,0.25221249999999995,1.2500000000005383E-9,8,4545.0,-3.963535473644252E-4,1.4018075654194376E-4,568.125,3.964910541707668E-4,0.0,0.9277883967024461,0.07221160329755394,normal,2026-04-21 20:21:00,2026-04-21 20:22:00
BNBUSDT,2026-04-21T20:21:00.000-06:00,2026-04-21T20:22:00.000-06:00,635.99,636.11,636.046262626262,0.0016542568542598428,99,5.740000000000021,-1.886466177233569E-4,6.394590914947264E-5,0.05797979797979819,1.8866552175704872E-4,0.0,0.969044938697535,0.030955061302464948,normal,2026-04-21 20:21:00,2026-04-21 20:22:00
XRPUSDT,2026-04-21T20:21:00.000-06:00,2026-04-21T20:22:00.000-06:00,1.4383,1.4387,1.43854693877551,1.1292517006856218E-8,49,1575.1000000000004,-2.780287759784375E-4,7.387055117565713E-5,32.14489795918368,2.7805835820738506E-4,0.0,0.9633922313287024,0.03660776867129756,normal,2026-04-21 20:21:00,2026-04-21 20:22:00
ADAUSDT,2026-04-21T20:21:00.000-06:00,2026-04-21T20:22:00.000-06:00,0.2523,0.2524,0.25232499999999997,1.9565217391289756E-9,24,33708.4,3.9635354736420524E-4,1.7530005685704013E-4,1404.5166666666667,3.963142772217933E-4,0.0,0.6779566133796704,0.3220433866203296,normal,2026-04-21 20:21:00,2026-04-21 20:22:00
XRPUSDT,2026-04-21T20:21:00.000-06:00,2026-04-21T20:22:00.000-06:00,1.4384,1.4386,1.4385019999999997,5.097959183674891E-9,50,2984.0000000000014,-1.3902405116098985E-4,4.9634963513041616E-5,59.68000000000003,1.3903352237271832E-4,0.0,0.9726072498427255,0.027392750157274492,normal,2026-04-21 20:21:00,2026-04-21 20:22:00
BNBUSDT,2026-04-21T20:21:00.000-06:00,2026-04-21T20:22:00.000-06:00,636.12,636.27,636.2231683168319,0.0015919018767443845,202,10.730000000000022,-1.7289345048176547E-4,6.271171349281881E-5,0.05311881188118823,2.35766327712981E-4,0.0,0.9641784706100005,0.035821529389999496,normal,2026-04-21 20:21:00,2026-04-21 20:22:00
DOGEUSDT,2026-04-21T20:21:00.000-06:00,2026-04-21T20:22:00.000-06:00,0.09584,0.09585,0.09584382352941173,2.4331550802191384E-11,34,121439.0,-1.0432968179457485E-4,5.146604130474216E-5,3571.735294117647,1.0433640511995315E-4,0.0,0.9221019008116967,0.07789809918830326,normal,2026-04-21 20:21:00,2026-04-21 20:22:00
SOLUSDT,2026-04-21T20:21:00.000-06:00,2026-04-21T20:22:00.000-06:00,86.96,86.97,86.9640740740741,2.4598183088904823E-5,54,59.623999999999995,0.0,5.703108547020956E-5,1.104148148148148,1.1499001290449356E-4,0.0,0.967015036150883,0.03298496384911698,normal,2026-04-21 20:21:00,2026-04-21 20:22:00
AVAXUSDT,2026-04-21T20:21:00.000-06:00,2026-04-21T20:22:00.000-06:00,9.5,9.5,9.5,0.0,2,315.78,0.0,0.0,157.89,0.0,0.0,0.9820756205955448,0.017924379404455237,normal,2026-04-21 20:21:00,2026-04-21 20:22:00
BNBUSDT,2026-04-21T20:21:00.000-06:00,2026-04-21T20:22:00.000-06:00,636.02,636.12,636.0677586206892,0.001172323838084159,116,1.336999999999999,-6.28812173803113E-5,5.3829508652571014E-5,0.01152586206896551,1.5721595481725469E-4,0.0,0.9672214450276607,0.03277855497233928,normal,2026-04-21 20:21:00,2026-04-21 20:22:00
XRPUSDT,2026-04-21T20:21:00.000-06:00,2026-04-21T20:22:00.000-06:00,1.4383,1.4384,1.4383516129032252,2.5806451612857643E-9,31,1240.8999999999999,0.0,3.5318242315934506E-5,40.02903225806451,6.95240295230351E-5,0.0,0.974109462885324,0.025890537114676038,normal,2026-04-21 20:21:00,2026-04-21 20:22:00
ADAUSDT,2026-04-21T20:21:00.000-06:00,2026-04-21T20:22:00.000-06:00,0.2522,0.2524,0.25224239130434783,2.6887243191614548E-9,92,62663.800000000054,0.0,2.055677880041823E-4,681.1282608695658,7.928881381350357E-4,0.0,0.5834290491738332,0.4165709508261668,normal,2026-04-21 20:21:00,2026-04-21 20:22:00
SOLUSDT,2026-04-21T20:21:00.000-06:00,2026-04-21T20:22:00.000-06:00,87.0,87.01,87.00757281553409,1.856082238720722E-5,103,144.43500000000003,-1.1492931846920027E-4,4.951554389068364E-5,1.4022815533980586,1.1493252456549097E-4,0.0,0.9738300637004946,0.02616993629950537,normal,2026-04-21 20:21:00,2026-04-21 20:22:00
DOGEUSDT,2026-04-21T20:21:00.000-06:00,2026-04-21T20:22:00.000-06:00,0.09584,0.09588,0.09586063063063084,1.3868959868939779E-10,111,149457.0,-3.128911138923889E-4,1.2285183959230285E-4,1346.4594594594594,4.172724478951095E-4,0.0,0.901394464073102,0.09860553592689802,normal,2026-04-21 20:21:00,2026-04-21 20:22:00
AVAXUSDT,2026-04-21T20:21:00.000-06:00,2026-04-21T20:22:00.000-06:00,9.49,9.5,9.498333333333333,1.4492753623189779E-5,24,855.4199999999998,0.0010537407797681546,4.008003093315935E-4,35.64249999999999,0.0010528162835584966,1.0,0.040970485360772246,0.9590295146392278,anomalo,2026-04-21 20:21:00,2026-04-21 20:22:00
SOLUSDT,2026-04-21T20:21:00.000-06:00,2026-04-21T20:22:00.000-06:00,86.99,87.03,87.01502824858781,8.87776065740006E-5,177,171.82000000000008,2.2988505747121863E-4,1.0828229469375841E-4,0.9707344632768367,4.596907086639419E-4,0.0,0.8466798234892077,0.15332017651079233,normal,2026-04-21 20:21:00,2026-04-21 20:22:00
DOGEUSDT,2026-04-21T20:21:00.000-06:00,2026-04-21T20:22:00.000-06:00,0.09585,0.09589,0.09587038461538464,5.829170829185952E-11,78,28309.0,3.1298904538343503E-4,7.963773905754023E-5,362.93589743589746,4.1722999402236087E-4,0.0,0.8519838807540984,0.14801611924590163,normal,2026-04-21 20:21:00,2026-04-21 20:22:00
AVAXUSDT,2026-04-21T20:21:00.000-06:00,2026-04-21T20:22:00.000-06:00,9.49,9.5,9.49794117647059,1.6844919786098292E-5,34,534.3299999999999,-0.001052631578947346,4.3212062750892154E-4,15.715588235294115,0.0010528597528876,0.0,0.5442674182284682,0.45573258177153175,normal,2026-04-21 20:21:00,2026-04-21 20:22:00
BTCUSDT,2026-04-21T20:21:00.000-06:00,2026-04-21T20:22:00.000-06:00,76890.67,76900.48,76896.79937704939,13.395632176554102,305,1.1483800000000024,-1.2756747422119696E-4,4.759631643126407E-5,0.0037651803278688604,1.2757358016809168E-4,0.0,0.9737763118645782,0.026223688135421752,normal,2026-04-21 20:21:00,2026-04-21 20:22:00
ETHUSDT,2026-04-21T20:21:00.000-06:00,2026-04-21T20:22:00.000-06:00,2341.22,2341.66,2341.482734806631,0.017945685710305647,362,13.740800000000034,1.025106568371347E-4,5.721225543313374E-5,0.03795801104972385,1.8791511611824526E-4,0.0,0.9526300142184718,0.04736998578152818,normal,2026-04-21 20:21:00,2026-04-21 20:22:00
BTCUSDT,2026-04-21T20:21:00.000-06:00,2026-04-21T20:22:00.000-06:00,76923.48,76947.96,76936.0392987011,58.26069885720859,770,5.251730000000006,-1.520733248197581E-5,9.921058718478507E-5,0.006820428571428579,3.1818638213188823E-4,0.0,0.9290492860366727,0.0709507139633273,normal,2026-04-21 20:21:00,2026-04-21 20:22:00
ETHUSDT,2026-04-21T20:21:00.000-06:00,2026-04-21T20:22:00.000-06:00,2342.23,2344.59,2343.4708561020075,0.40026362375938074,1098,219.57699999999534,-2.5164421772775746E-4,2.699687555062882E-4,0.19997905282331088,0.0010070532747847411,1.0,0.4939222152952313,0.5060777847047687,anomalo,2026-04-21 20:21:00,2026-04-21 20:22:00
ETHUSDT,2026-04-21T20:21:00.000-06:00,2026-04-21T20:22:00.000-06:00,2342.15,2343.99,2343.0239823874726,0.25869666178535655,1022,13.879000000000124,-7.84986284071046E-4,2.1707943292550687E-4,0.013580234833659612,7.853099301718563E-4,0.0,0.8601515276784779,0.1398484723215221,normal,2026-04-21 20:21:00,2026-04-21 20:22:00
BTCUSDT,2026-04-21T20:21:00.000-06:00,2026-04-21T20:22:00.000-06:00,76913.12,76935.41,76922.46090163966,49.93732804921169,732,2.2908400000000086,-2.895936071041268E-4,9.186698869675636E-5,0.0031295628415300663,2.8977232057760417E-4,0.0,0.9591318525839393,0.04086814741606071,normal,2026-04-21 20:21:00,2026-04-21 20:22:00
BTCUSDT,2026-04-21T20:21:00.000-06:00,2026-04-21T20:22:00.000-06:00,76928.39,76950.0,76938.51108108085,26.567714318273946,666,0.9644100000000059,-4.0295592871083356E-5,6.699360044729211E-5,0.0014480630630630718,2.808736443733244E-4,0.0,0.9487319741240419,0.051268025875958134,normal,2026-04-21 20:21:00,2026-04-21 20:22:00
ETHUSDT,2026-04-21T20:21:00.000-06:00,2026-04-21T20:22:00.000-06:00,2344.02,2345.0,2344.5299885583545,0.06473276046415832,874,9.207900000000054,1.7064628012424592E-4,1.0851912207082226E-4,0.010535354691075575,4.1799422689518155E-4,0.0,0.8725564855261874,0.12744351447381264,normal,2026-04-21 20:21:00,2026-04-21 20:22:00
BTCUSDT,2026-04-21T20:21:00.000-06:00,2026-04-21T20:22:00.000-06:00,76891.13,76913.13,76901.58111292947,42.08382826772061,611,2.5685600000000046,-1.64601284592156E-4,8.435723780800959E-5,0.004203862520458273,2.8607994376205533E-4,0.0,0.9527416992771881,0.0472583007228119,normal,2026-04-21 20:21:00,2026-04-21 20:22:00
ETHUSDT,2026-04-21T20:21:00.000-06:00,2026-04-21T20:22:00.000-06:00,2340.98,2342.15,2341.5591939890664,0.09660577900628843,732,329.0161000000002,-3.9707106718198706E-4,1.327383492338005E-4,0.44947554644808774,4.996670607360849E-4,0.0,0.9236186121337592,0.07638138786624082,normal,2026-04-21 20:21:00,2026-04-21 20:22:00
ETHUSDT,2026-04-21T20:21:00.000-06:00,2026-04-21T20:22:00.000-06:00,2343.87,2344.59,2344.167142857145,0.04026369337929689,616,22.528299999999938,6.824686597608341E-5,8.559890925624482E-5,0.036571915584415485,3.0714533398104707E-4,0.0,0.9274353103753353,0.07256468962466467,normal,2026-04-21 20:21:00,2026-04-21 20:22:00
BTCUSDT,2026-04-21T20:21:00.000-06:00,2026-04-21T20:22:00.000-06:00,76914.18,76936.57,76923.87547897207,51.19454479920275,856,1.2508600000000065,1.0620265077673274E-4,9.301450660863757E-5,0.0014612850467289795,2.9106697836791265E-4,0.0,0.9230066055468821,0.07699339445311792,normal,2026-04-21 20:21:00,2026-04-21 20:22:00
SOLUSDT,2026-04-21T20:21:30.000-06:00,2026-04-21T20:22:30.000-06:00,86.95,86.97,86.95403846153839,2.8469079939709435E-5,52,311.2220000000002,-2.2996435552484788E-4,6.13616400751123E-5,5.9850384615384655,2.3000656845676516E-4,0.0,0.9680363693341625,0.03196363066583752,normal,2026-04-21 20:21:30,2026-04-21 20:22:30
BNBUSDT,2026-04-21T20:21:30.000-06:00,2026-04-21T20:22:30.000-06:00,635.66,635.92,635.7847247706422,0.006541168139384092,218,45.34800000000003,-4.0885645993205265E-4,1.2720892042170003E-4,0.20801834862385335,4.0894345187954186E-4,0.0,0.9427544408205144,0.057245559179485594,normal,2026-04-21 20:21:30,2026-04-21 20:22:30
BNBUSDT,2026-04-21T20:21:30.000-06:00,2026-04-21T20:22:30.000-06:00,636.11,636.11,636.11,,1,0.314,0.0,0.0,0.314,0.0,0.0,0.9829441356650737,0.01705586433492634,normal,2026-04-21 20:21:30,2026-04-21 20:22:30
SOLUSDT,2026-04-21T20:21:30.000-06:00,2026-04-21T20:22:30.000-06:00,86.97,87.02,86.99841807909597,1.1111967128904729E-4,177,243.0969999999999,-4.5971727387663773E-4,1.211669338789852E-4,1.373429378531073,5.747230938675101E-4,0.0,0.9211067391945801,0.07889326080541992,normal,2026-04-21 20:21:30,2026-04-21 20:22:30
BNBUSDT,2026-04-21T20:21:30.000-06:00,2026-04-21T20:22:30.000-06:00,635.99,636.11,636.046262626262,0.0016542568542598428,99,5.740000000000021,-1.886466177233569E-4,6.394590914947264E-5,0.05797979797979819,1.8866552175704872E-4,0.0,0.969044938697535,0.030955061302464948,normal,2026-04-21 20:21:30,2026-04-21 20:22:30
ETHUSDT,2026-04-21T20:21:30.000-06:00,2026-04-21T20:22:30.000-06:00,2340.56,2341.47,2341.0965842167257,0.07111190357089285,849,22.10189999999988,-3.843755605477313E-4,1.1390736901777103E-4,0.026032862190812578,3.88706730911881E-4,0.0,0.9478321353050616,0.05216786469493839,normal,2026-04-21 20:21:30,2026-04-21 20:22:30
DOGEUSDT,2026-04-21T20:21:30.000-06:00,2026-04-21T20:22:30.000-06:00,0.09579,0.0958,0.09579583333333339,2.499999999998711E-11,36,178082.0,-1.0438413361165056E-4,5.21943369144313E-5,4946.722222222223,1.0438867382884903E-4,0.0,0.8834577989473683,0.11654220105263169,normal,2026-04-21 20:21:30,2026-04-21 20:22:30
XRPUSDT,2026-04-21T20:21:30.000-06:00,2026-04-21T20:22:30.000-06:00,1.4372,1.4376,1.4373942857142858,9.966386554595339E-9,35,1256.2000000000003,-2.7824151363380355E-4,6.945331026729177E-5,35.89142857142858,2.782813344782316E-4,0.0,0.964292301755801,0.03570769824419895,normal,2026-04-21 20:21:30,2026-04-21 20:22:30
XRPUSDT,2026-04-21T20:21:30.000-06:00,2026-04-21T20:22:30.000-06:00,1.4382,1.4383,1.438217857142856,1.5211640211636488E-9,28,14333.8,6.953135864274023E-5,2.711835525128596E-5,511.9214285714285,6.953049533027466E-5,0.0,0.9680402114172302,0.03195978858276982,normal,2026-04-21 20:21:30,2026-04-21 20:22:30
DOGEUSDT,2026-04-21T20:21:30.000-06:00,2026-04-21T20:22:30.000-06:00,0.09584,0.09584,0.09584,0.0,5,59984.0,0.0,0.0,11996.8,0.0,0.0,0.5511922773037499,0.44880772269625013,normal,2026-04-21 20:21:30,2026-04-21 20:22:30
DOGEUSDT,2026-04-21T20:21:30.000-06:00,2026-04-21T20:22:30.000-06:00,0.09584,0.09585,0.09584382352941173,2.4331550802191384E-11,34,121439.0,-1.0432968179457485E-4,5.146604130474216E-5,3571.735294117647,1.0433640511995315E-4,0.0,0.9221019008116967,0.07789809918830326,normal,2026-04-21 20:21:30,2026-04-21 20:22:30
XRPUSDT,2026-04-21T20:21:30.000-06:00,2026-04-21T20:22:30.000-06:00,1.4381,1.4383,1.4382487179487176,3.0904183535840305E-9,39,7457.800000000001,-1.3905304873807828E-4,3.8652237695734164E-5,191.22564102564107,1.390580067995647E-4,0.0,0.9732826318004844,0.026717368199515645,normal,2026-04-21 20:21:30,2026-04-21 20:22:30
DOGEUSDT,2026-04-21T20:21:30.000-06:00,2026-04-21T20:22:30.000-06:00,0.09584,0.09586,0.09585183098591565,2.0885311871239124E-11,71,157139.0,-2.0863759649495227E-4,4.7678223934482374E-5,2213.225352112676,2.086553777250734E-4,0.0,0.9432955553469023,0.05670444465309765,normal,2026-04-21 20:21:30,2026-04-21 20:22:30
XRPUSDT,2026-04-21T20:21:30.000-06:00,2026-04-21T20:22:30.000-06:00,1.4383,1.4387,1.43854693877551,1.1292517006856218E-8,49,1575.1000000000004,-2.780287759784375E-4,7.387055117565713E-5,32.14489795918368,2.7805835820738506E-4,0.0,0.9633922313287024,0.03660776867129756,normal,2026-04-21 20:21:30,2026-04-21 20:22:30
ETHUSDT,2026-04-21T20:21:30.000-06:00,2026-04-21T20:22:30.000-06:00,2340.13,2340.82,2340.3946202531506,0.04650955142764968,790,32.83349999999985,-2.1362682811235873E-5,9.214716628025086E-5,0.041561392405063104,2.948220757426883E-4,0.0,0.9365387954217117,0.0634612045782883,normal,2026-04-21 20:21:30,2026-04-21 20:22:30
ETHUSDT,2026-04-21T20:21:30.000-06:00,2026-04-21T20:22:30.000-06:00,2340.52,2340.57,2340.542164948452,2.338058419109678E-4,97,7.652400000000006,-1.2817445397573804E-5,6.5329782121097875E-6,0.0788907216494846,2.136257177886949E-5,0.0,0.9815691675644517,0.018430832435548328,normal,2026-04-21 20:21:30,2026-04-21 20:22:30
BNBUSDT,2026-04-21T20:21:30.000-06:00,2026-04-21T20:22:30.000-06:00,635.92,635.99,635.9579999999999,6.993103448264782E-4,30,0.3270000000000002,-1.1006462365768333E-4,4.1582111776549174E-5,0.010900000000000005,1.1007016186611386E-4,0.0,0.9751962858074719,0.024803714192528137,normal,2026-04-21 20:21:30,2026-04-21 20:22:30
SOLUSDT,2026-04-21T20:21:30.000-06:00,2026-04-21T20:22:30.000-06:00,86.96,86.97,86.9640740740741,2.4598183088904823E-5,54,59.623999999999995,0.0,5.703108547020956E-5,1.104148148148148,1.1499001290449356E-4,0.0,0.967015036150883,0.03298496384911698,normal,2026-04-21 20:21:30,2026-04-21 20:22:30
DOGEUSDT,2026-04-21T20:21:30.000-06:00,2026-04-21T20:22:30.000-06:00,0.0958,0.09584,0.09582000000000011,1.8620689655200193E-10,117,301102.0,-3.130543671084446E-4,1.4241040267616806E-4,2573.5213675213677,4.1744938426214074E-4,0.0,0.8452806345499734,0.15471936545002662,normal,2026-04-21 20:21:30,2026-04-21 20:22:30
XRPUSDT,2026-04-21T20:21:30.000-06:00,2026-04-21T20:22:30.000-06:00,1.4377,1.4382,1.4379661764705882,2.585381913962728E-8,68,8132.399999999996,-2.781254345709609E-4,1.1181850523313843E-4,119.59411764705877,3.477133246813694E-4,0.0,0.9433216398089777,0.05667836019102235,normal,2026-04-21 20:21:30,2026-04-21 20:22:30
DOGEUSDT,2026-04-21T20:21:30.000-06:00,2026-04-21T20:22:30.000-06:00,0.09579,0.0958,0.09579733333333337,2.0229885057468905E-11,30,108837.0,0.0,4.6950831454122995E-5,3627.9,1.0438703930515935E-4,0.0,0.909435072638792,0.09056492736120803,normal,2026-04-21 20:21:30,2026-04-21 20:22:30
XRPUSDT,2026-04-21T20:21:30.000-06:00,2026-04-21T20:22:30.000-06:00,1.4375,1.4377,1.4376194444444448,5.611111111106419E-9,36,896.3,-6.955554009876121E-5,5.210513148681713E-5,24.897222222222222,1.3911887514659083E-4,0.0,0.9692112191325435,0.03078878086745651,normal,2026-04-21 20:21:30,2026-04-21 20:22:30
ETHUSDT,2026-04-21T20:21:30.000-06:00,2026-04-21T20:22:30.000-06:00,2341.22,2341.66,2341.482734806631,0.017945685710305647,362,13.740800000000034,1.025106568371347E-4,5.721225543313374E-5,0.03795801104972385,1.8791511611824526E-4,0.0,0.9526300142184718,0.04736998578152818,normal,2026-04-21 20:21:30,2026-04-21 20:22:30
ETHUSDT,2026-04-21T20:21:30.000-06:00,2026-04-21T20:22:30.000-06:00,2342.15,2343.99,2343.0239823874726,0.25869666178535655,1022,13.879000000000124,-7.84986284071046E-4,2.1707943292550687E-4,0.013580234833659612,7.853099301718563E-4,0.0,0.8601515276784779,0.1398484723215221,normal,2026-04-21 20:21:30,2026-04-21 20:22:30
ETHUSDT,2026-04-21T20:21:30.000-06:00,2026-04-21T20:22:30.000-06:00,2340.98,2342.15,2341.5591939890664,0.09660577900628843,732,329.0161000000002,-3.9707106718198706E-4,1.327383492338005E-4,0.44947554644808774,4.996670607360849E-4,0.0,0.9236186121337592,0.07638138786624082,normal,2026-04-21 20:21:30,2026-04-21 20:22:30
SOLUSDT,2026-04-21T20:21:30.000-06:00,2026-04-21T20:22:30.000-06:00,86.91,86.92,86.91012499999991,1.2500000000011893E-6,80,91.68000000000002,0.0,1.2864254754557399E-5,1.1460000000000004,1.15061392444265E-4,0.0,0.9746901576281979,0.025309842371802116,normal,2026-04-21 20:21:30,2026-04-21 20:22:30
BNBUSDT,2026-04-21T20:21:30.000-06:00,2026-04-21T20:22:30.000-06:00,635.51,635.52,635.5120000000002,1.6842105262956933E-5,20,3.1119999999999988,0.0,6.4576489638529745E-6,0.15559999999999993,1.5735344100490473E-5,0.0,0.981475736569925,0.01852426343007496,normal,2026-04-21 20:21:30,2026-04-21 20:22:30
BTCUSDT,2026-04-21T20:21:30.000-06:00,2026-04-21T20:22:30.000-06:00,76856.41,76856.42,76856.41226415102,1.7681940674469155E-5,106,0.8513100000000006,0.0,5.471228553733102E-8,0.008031226415094345,1.3011276092867686E-7,0.0,0.9829339789457994,0.01706602105420063,normal,2026-04-21 20:21:30,2026-04-21 20:22:30
AVAXUSDT,2026-04-21T20:21:30.000-06:00,2026-04-21T20:22:30.000-06:00,9.49,9.5,9.498000000000001,1.9999999999995743E-5,5,632.5699999999999,0.0,4.7085027953243873E-4,126.51399999999998,0.0010528532322594004,1.0,0.13524067832496217,0.8647593216750378,anomalo,2026-04-21 20:21:30,2026-04-21 20:22:30
ADAUSDT,2026-04-21T20:21:30.000-06:00,2026-04-21T20:22:30.000-06:00,0.2522,0.2522,0.2522000000000001,0.0,15,42319.100000000006,0.0,0.0,2821.2733333333335,0.0,0.0,0.958872132012153,0.041127867987846956,normal,2026-04-21 20:21:30,2026-04-21 20:22:30
BTCUSDT,2026-04-21T20:21:30.000-06:00,2026-04-21T20:22:30.000-06:00,76856.41,76875.0,76870.18712977115,30.161021701698285,1310,2.2126299999999985,-2.416910569105918E-4,7.144388887062865E-5,0.0016890305343511438,2.418362787202942E-4,0.0,0.9656638196434042,0.0343361803565958,normal,2026-04-21 20:21:30,2026-04-21 20:22:30
ADAUSDT,2026-04-21T20:21:30.000-06:00,2026-04-21T20:22:30.000-06:00,0.2521,0.2522,0.2521666666666667,2.4242424242417883E-9,12,48358.00000000001,0.0,1.952541826506013E-4,4029.833333333334,3.965631196298307E-4,0.0,0.6082846883144366,0.3917153116855634,normal,2026-04-21 20:21:30,2026-04-21 20:22:30
AVAXUSDT,2026-04-21T20:21:30.000-06:00,2026-04-21T20:22:30.000-06:00,9.5,9.5,9.5,0.0,9,631.56,0.0,0.0,70.17333333333333,0.0,0.0,0.9825643137162626,0.017435686283737373,normal,2026-04-21 20:21:30,2026-04-21 20:22:30
SOLUSDT,2026-04-21T20:21:30.000-06:00,2026-04-21T20:22:30.000-06:00,86.92,86.95,86.93505434782614,6.11992159662514E-5,184,197.13800000000006,-3.450258769407836E-4,8.998663236864973E-5,1.0714021739130437,3.450851929070118E-4,0.0,0.9570611538820828,0.042938846117917207,normal,2026-04-21 20:21:30,2026-04-21 20:22:30
BNBUSDT,2026-04-21T20:21:30.000-06:00,2026-04-21T20:22:30.000-06:00,635.58,635.65,635.6199999999999,5.953846153850837E-4,131,29.755999999999997,-7.865963973877845E-5,3.838850950003946E-5,0.2271450381679389,1.1012869324429116E-4,0.0,0.974386776308353,0.02561322369164698,normal,2026-04-21 20:21:30,2026-04-21 20:22:30
BNBUSDT,2026-04-21T20:21:30.000-06:00,2026-04-21T20:22:30.000-06:00,635.52,635.6,635.5665217391305,6.765217391323951E-4,46,0.8500000000000003,-1.2586532410327397E-4,4.0924168627488705E-5,0.018478260869565225,1.258719540184923E-4,0.0,0.974856502930127,0.025143497069872955,normal,2026-04-21 20:21:30,2026-04-21 20:22:30
SOLUSDT,2026-04-21T20:21:30.000-06:00,2026-04-21T20:22:30.000-06:00,86.91,86.93,86.91981818181821,9.225589225610299E-6,55,112.85100000000001,-2.3007017140239537E-4,3.49444530711914E-5,2.051836363636364,2.3009712190348103E-4,0.0,0.9727514792405009,0.02724852075949913,normal,2026-04-21 20:21:30,2026-04-21 20:22:30
BTCUSDT,2026-04-21T20:21:30.000-06:00,2026-04-21T20:22:30.000-06:00,76913.12,76935.41,76922.46090163966,49.93732804921169,732,2.2908400000000086,-2.895936071041268E-4,9.186698869675636E-5,0.0031295628415300663,2.8977232057760417E-4,0.0,0.9591318525839393,0.04086814741606071,normal,2026-04-21 20:21:30,2026-04-21 20:22:30
ADAUSDT,2026-04-21T20:21:30.000-06:00,2026-04-21T20:22:30.000-06:00,0.2522,0.2523,0.25221249999999995,1.2500000000005383E-9,8,4545.0,-3.963535473644252E-4,1.4018075654194376E-4,568.125,3.964910541707668E-4,0.0,0.9277883967024461,0.07221160329755394,normal,2026-04-21 20:21:30,2026-04-21 20:22:30
AVAXUSDT,2026-04-21T20:21:30.000-06:00,2026-04-21T20:22:30.000-06:00,9.5,9.51,9.503888888888888,2.4444444444438018E-5,36,1461.7499999999995,-0.0010515247108306822,5.202220251659337E-4,40.60416666666666,0.0010522008534517811,1.0,0.40734124800857924,0.5926587519914208,anomalo,2026-04-21 20:21:30,2026-04-21 20:22:30
BTCUSDT,2026-04-21T20:21:30.000-06:00,2026-04-21T20:22:30.000-06:00,76874.99,76890.68,76882.07013867391,41.43672565466097,1298,2.539180000000015,-2.0392588542581514E-4,8.372740792148314E-5,0.0019562249614792104,2.0407879199516054E-4,0.0,0.9645566603268877,0.035443339673112306,normal,2026-04-21 20:21:30,2026-04-21 20:22:30
AVAXUSDT,2026-04-21T20:21:30.000-06:00,2026-04-21T20:22:30.000-06:00,9.49,9.5,9.498000000000001,1.9999999999999148E-5,5,671.06,-0.001052631578947346,4.708502795324788E-4,134.212,0.0010528532322594004,1.0,0.4750620216101453,0.5249379783898547,anomalo,2026-04-21 20:21:30,2026-04-21 20:22:30
ADAUSDT,2026-04-21T20:21:30.000-06:00,2026-04-21T20:22:30.000-06:00,0.2521,0.2522,0.2521933333333335,6.436781609192685E-10,30,49421.00000000001,0.0,1.0060064964805126E-4,1647.366666666667,3.9652118744873876E-4,0.0,0.8568729309277887,0.1431270690722113,normal,2026-04-21 20:21:30,2026-04-21 20:22:30
BTCUSDT,2026-04-21T20:21:30.000-06:00,2026-04-21T20:22:30.000-06:00,76890.67,76900.48,76896.77937908519,13.474087154292635,306,1.1510200000000024,-1.2743743602124344E-4,4.7735505418848215E-5,0.003761503267973864,1.2757361334518843E-4,0.0,0.9737487815957941,0.026251218404205856,normal,2026-04-21 20:21:30,2026-04-21 20:22:30
ADAUSDT,2026-04-21T20:21:30.000-06:00,2026-04-21T20:22:30.000-06:00,0.2521,0.2522,0.2521888888888889,1.1111111111108073E-9,9,20214.800000000003,3.966679888932526E-4,1.3217605850991714E-4,2246.0888888888894,3.96528175529762E-4,0.0,0.6769565714161183,0.3230434285838817,normal,2026-04-21 20:21:30,2026-04-21 20:22:30
AVAXUSDT,2026-04-21T20:21:30.000-06:00,2026-04-21T20:22:30.000-06:00,9.5,9.5,9.5,0.0,3,315.78,0.0,0.0,105.25999999999999,0.0,0.0,0.9823704269404299,0.017629573059570136,normal,2026-04-21 20:21:30,2026-04-21 20:22:30
BTCUSDT,2026-04-21T20:21:30.000-06:00,2026-04-21T20:22:30.000-06:00,76891.13,76913.13,76901.58111292947,42.08382826772061,611,2.5685600000000046,-1.64601284592156E-4,8.435723780800959E-5,0.004203862520458273,2.8607994376205533E-4,0.0,0.9527416992771881,0.0472583007228119,normal,2026-04-21 20:21:30,2026-04-21 20:22:30
ADAUSDT,2026-04-21T20:21:30.000-06:00,2026-04-21T20:22:30.000-06:00,0.2521,0.2522,0.25219600000000014,3.999999999997954E-10,25,40854.6,3.966679888932526E-4,7.93033989436584E-5,1634.184,3.9651699471834976E-4,0.0,0.7795320065981757,0.22046799340182432,normal,2026-04-21 20:21:30,2026-04-21 20:22:30
AVAXUSDT,2026-04-21T20:21:30.000-06:00,2026-04-21T20:22:30.000-06:00,9.5,9.5,9.5,0.0,2,315.78,0.0,0.0,157.89,0.0,0.0,0.9820756205955448,0.017924379404455237,normal,2026-04-21 20:21:30,2026-04-21 20:22:30
ADAUSDT,2026-04-21T20:22:00.000-06:00,2026-04-21T20:23:00.000-06:00,0.2522,0.2522,0.2522,,1,34.4,0.0,0.0,34.4,0.0,0.0,0.9827598383168877,0.017240161683112265,normal,2026-04-21 20:22:00,2026-04-21 20:23:00
BTCUSDT,2026-04-21T20:22:00.000-06:00,2026-04-21T20:23:00.000-06:00,76874.99,76890.68,76882.07013867391,41.43672565466097,1298,2.539180000000015,-2.0392588542581514E-4,8.372740792148314E-5,0.0019562249614792104,2.0407879199516054E-4,0.0,0.9645566603268877,0.035443339673112306,normal,2026-04-21 20:22:00,2026-04-21 20:23:00
ETHUSDT,2026-04-21T20:22:00.000-06:00,2026-04-21T20:23:00.000-06:00,2340.56,2341.47,2341.0965842167257,0.07111190357089285,849,22.10189999999988,-3.843755605477313E-4,1.1390736901777103E-4,0.026032862190812578,3.88706730911881E-4,0.0,0.9478321353050616,0.05216786469493839,normal,2026-04-21 20:22:00,2026-04-21 20:23:00
BNBUSDT,2026-04-21T20:22:00.000-06:00,2026-04-21T20:23:00.000-06:00,635.58,635.65,635.6199999999999,5.953846153850837E-4,131,29.755999999999997,-7.865963973877845E-5,3.838850950003946E-5,0.2271450381679389,1.1012869324429116E-4,0.0,0.974386776308353,0.02561322369164698,normal,2026-04-21 20:22:00,2026-04-21 20:23:00
AVAXUSDT,2026-04-21T20:22:00.000-06:00,2026-04-21T20:23:00.000-06:00,9.49,9.5,9.498000000000001,1.9999999999999148E-5,5,671.06,-0.001052631578947346,4.708502795324788E-4,134.212,0.0010528532322594004,1.0,0.4750620216101453,0.5249379783898547,anomalo,2026-04-21 20:22:00,2026-04-21 20:23:00
SOLUSDT,2026-04-21T20:22:00.000-06:00,2026-04-21T20:23:00.000-06:00,86.91,86.92,86.91012499999991,1.2500000000011893E-6,80,91.68000000000002,0.0,1.2864254754557399E-5,1.1460000000000004,1.15061392444265E-4,0.0,0.9746901576281979,0.025309842371802116,normal,2026-04-21 20:22:00,2026-04-21 20:23:00
DOGEUSDT,2026-04-21T20:22:00.000-06:00,2026-04-21T20:23:00.000-06:00,0.09579,0.0958,0.09579583333333339,2.499999999998711E-11,36,178082.0,-1.0438413361165056E-4,5.21943369144313E-5,4946.722222222223,1.0438867382884903E-4,0.0,0.8834577989473683,0.11654220105263169,normal,2026-04-21 20:22:00,2026-04-21 20:23:00
BTCUSDT,2026-04-21T20:22:00.000-06:00,2026-04-21T20:23:00.000-06:00,76856.41,76856.42,76856.41226415102,1.7681940674469155E-5,106,0.8513100000000006,0.0,5.471228553733102E-8,0.008031226415094345,1.3011276092867686E-7,0.0,0.9829339789457994,0.01706602105420063,normal,2026-04-21 20:22:00,2026-04-21 20:23:00
ETHUSDT,2026-04-21T20:22:00.000-06:00,2026-04-21T20:23:00.000-06:00,2340.13,2340.82,2340.3946202531506,0.04650955142764968,790,32.83349999999985,-2.1362682811235873E-5,9.214716628025086E-5,0.041561392405063104,2.948220757426883E-4,0.0,0.9365387954217117,0.0634612045782883,normal,2026-04-21 20:22:00,2026-04-21 20:23:00
AVAXUSDT,2026-04-21T20:22:00.000-06:00,2026-04-21T20:23:00.000-06:00,9.49,9.5,9.498000000000001,1.9999999999995743E-5,5,632.5699999999999,0.0,4.7085027953243873E-4,126.51399999999998,0.0010528532322594004,1.0,0.13524067832496217,0.8647593216750378,anomalo,2026-04-21 20:22:00,2026-04-21 20:23:00
BNBUSDT,2026-04-21T20:22:00.000-06:00,2026-04-21T20:23:00.000-06:00,635.51,635.52,635.5120000000002,1.6842105262956933E-5,20,3.1119999999999988,0.0,6.4576489638529745E-6,0.15559999999999993,1.5735344100490473E-5,0.0,0.981475736569925,0.01852426343007496,normal,2026-04-21 20:22:00,2026-04-21 20:23:00
ETHUSDT,2026-04-21T20:22:00.000-06:00,2026-04-21T20:23:00.000-06:00,2340.52,2340.57,2340.542164948452,2.338058419109678E-4,97,7.652400000000006,-1.2817445397573804E-5,6.5329782121097875E-6,0.0788907216494846,2.136257177886949E-5,0.0,0.9815691675644517,0.018430832435548328,normal,2026-04-21 20:22:00,2026-04-21 20:23:00
BTCUSDT,2026-04-21T20:22:00.000-06:00,2026-04-21T20:23:00.000-06:00,76856.41,76875.0,76870.18712977115,30.161021701698285,1310,2.2126299999999985,-2.416910569105918E-4,7.144388887062865E-5,0.0016890305343511438,2.418362787202942E-4,0.0,0.9656638196434042,0.0343361803565958,normal,2026-04-21 20:22:00,2026-04-21 20:23:00
BNBUSDT,2026-04-21T20:22:00.000-06:00,2026-04-21T20:23:00.000-06:00,635.52,635.6,635.5665217391305,6.765217391323951E-4,46,0.8500000000000003,-1.2586532410327397E-4,4.0924168627488705E-5,0.018478260869565225,1.258719540184923E-4,0.0,0.974856502930127,0.025143497069872955,normal,2026-04-21 20:22:00,2026-04-21 20:23:00
AVAXUSDT,2026-04-21T20:22:00.000-06:00,2026-04-21T20:23:00.000-06:00,9.5,9.5,9.5,0.0,9,631.56,0.0,0.0,70.17333333333333,0.0,0.0,0.9825643137162626,0.017435686283737373,normal,2026-04-21 20:22:00,2026-04-21 20:23:00
ADAUSDT,2026-04-21T20:22:00.000-06:00,2026-04-21T20:23:00.000-06:00,0.2522,0.2523,0.2522733333333333,2.095238095241418E-9,15,24639.7,3.9651070578923276E-4,1.8144514212788766E-4,1642.6466666666668,3.9639544409520567E-4,0.0,0.6523833437378291,0.34761665626217086,normal,2026-04-21 20:22:00,2026-04-21 20:23:00
XRPUSDT,2026-04-21T20:22:00.000-06:00,2026-04-21T20:23:00.000-06:00,1.4372,1.4372,1.4372000000000003,0.0,9,117.69999999999999,0.0,0.0,13.077777777777776,0.0,0.0,0.9828753518748005,0.017124648125199537,normal,2026-04-21 20:22:00,2026-04-21 20:23:00
ADAUSDT,2026-04-21T20:22:00.000-06:00,2026-04-21T20:23:00.000-06:00,0.2521,0.2523,0.25220810810810823,1.8768768768781836E-9,37,101292.89999999998,0.0,1.71774561098889E-4,2737.645945945945,7.929959171427753E-4,1.0,0.4714507432723821,0.5285492567276179,anomalo,2026-04-21 20:22:00,2026-04-21 20:23:00
XRPUSDT,2026-04-21T20:22:00.000-06:00,2026-04-21T20:23:00.000-06:00,1.4372,1.4373,1.4372133333333337,1.2380952380980005E-9,15,115.20000000000002,0.0,2.4482501457094575E-5,7.6800000000000015,6.957909287416549E-5,0.0,0.9759866913668754,0.024013308633124564,normal,2026-04-21 20:22:00,2026-04-21 20:23:00
XRPUSDT,2026-04-21T20:22:00.000-06:00,2026-04-21T20:23:00.000-06:00,1.437,1.4372,1.4371000000000007,1.6666666666678444E-9,49,9120.0,-6.957973838017603E-5,2.840778585095032E-5,186.12244897959184,1.391691601141033E-4,0.0,0.9719133715510666,0.028086628448933393,normal,2026-04-21 20:22:00,2026-04-21 20:23:00
ADAUSDT,2026-04-21T20:22:00.000-06:00,2026-04-21T20:23:00.000-06:00,0.2523,0.2524,0.25233125000000006,2.2916666666663104E-9,16,14115.699999999997,0.0,1.8971631689619566E-4,882.2312499999998,3.963044609020443E-4,0.0,0.8153022224820892,0.18469777751791083,normal,2026-04-21 20:22:00,2026-04-21 20:23:00
DOGEUSDT,2026-04-21T20:22:00.000-06:00,2026-04-21T20:23:00.000-06:00,0.0958,0.09584,0.09582000000000011,1.8620689655200193E-10,117,301102.0,-3.130543671084446E-4,1.4241040267616806E-4,2573.5213675213677,4.1744938426214074E-4,0.0,0.8452806345499734,0.15471936545002662,normal,2026-04-21 20:22:00,2026-04-21 20:23:00
SOLUSDT,2026-04-21T20:22:00.000-06:00,2026-04-21T20:23:00.000-06:00,86.92,86.95,86.93505434782614,6.11992159662514E-5,184,197.13800000000006,-3.450258769407836E-4,8.998663236864973E-5,1.0714021739130437,3.450851929070118E-4,0.0,0.9570611538820828,0.042938846117917207,normal,2026-04-21 20:22:00,2026-04-21 20:23:00
DOGEUSDT,2026-04-21T20:22:00.000-06:00,2026-04-21T20:23:00.000-06:00,0.09579,0.0958,0.09579733333333337,2.0229885057468905E-11,30,108837.0,0.0,4.6950831454122995E-5,3627.9,1.0438703930515935E-4,0.0,0.909435072638792,0.09056492736120803,normal,2026-04-21 20:22:00,2026-04-21 20:23:00
SOLUSDT,2026-04-21T20:22:00.000-06:00,2026-04-21T20:23:00.000-06:00,86.91,86.93,86.91981818181821,9.225589225610299E-6,55,112.85100000000001,-2.3007017140239537E-4,3.49444530711914E-5,2.051836363636364,2.3009712190348103E-4,0.0,0.9727514792405009,0.02724852075949913,normal,2026-04-21 20:22:00,2026-04-21 20:23:00
BTCUSDT,2026-04-21T20:22:00.000-06:00,2026-04-21T20:23:00.000-06:00,76890.68,76890.68,76890.68,,1,0.00264,0.0,0.0,0.00264,0.0,0.0,0.9829458101824882,0.017054189817511833,normal,2026-04-21 20:22:00,2026-04-21 20:23:00
DOGEUSDT,2026-04-21T20:22:00.000-06:00,2026-04-21T20:23:00.000-06:00,0.09579,0.09581,0.0958053191489362,3.413506012968052E-11,47,180917.0,-2.0874647740325774E-4,6.09832708542004E-5,3849.2978723404253,2.0875667632727884E-4,0.0,0.900637286071362,0.09936271392863805,normal,2026-04-21 20:22:00,2026-04-21 20:23:00
SOLUSDT,2026-04-21T20:22:00.000-06:00,2026-04-21T20:23:00.000-06:00,86.9,86.93,86.91706293706297,4.905939131287629E-5,143,295.61800000000034,0.0,8.058533865801317E-5,2.0672587412587435,3.451566238694038E-4,0.0,0.9299185155901505,0.07008148440984951,normal,2026-04-21 20:22:00,2026-04-21 20:23:00
SOLUSDT,2026-04-21T20:22:00.000-06:00,2026-04-21T20:23:00.000-06:00,86.9,86.91,86.90588235294106,2.4582967515296974E-5,68,176.30200000000008,0.0,5.705161992861534E-5,2.5926764705882364,1.1506700961137512E-4,0.0,0.9669888441161443,0.033011155883855725,normal,2026-04-21 20:22:00,2026-04-21 20:23:00
DOGEUSDT,2026-04-21T20:22:00.000-06:00,2026-04-21T20:23:00.000-06:00,0.0958,0.0958,0.09580000000000005,0.0,25,107760.0,0.0,0.0,4310.4,0.0,0.0,0.9353146344297834,0.06468536557021665,normal,2026-04-21 20:22:00,2026-04-21 20:23:00
SOLUSDT,2026-04-21T20:22:00.000-06:00,2026-04-21T20:23:00.000-06:00,86.9,86.91,86.90887096774183,1.0179799048083847E-5,62,359.7130000000001,0.0,3.671178442308833E-5,5.801822580645163,1.1506305269691776E-4,0.0,0.9707456340928777,0.02925436590712227,normal,2026-04-21 20:22:00,2026-04-21 20:23:00
DOGEUSDT,2026-04-21T20:22:00.000-06:00,2026-04-21T20:23:00.000-06:00,0.09579,0.09581,0.09580392857142862,3.214285714275236E-11,28,113596.0,2.087900615931321E-4,5.917781430958938E-5,4057.0,2.0875970639444818E-4,0.0,0.8102297593565851,0.18977024064341486,normal,2026-04-21 20:22:00,2026-04-21 20:23:00
BTCUSDT,2026-04-21T20:22:00.000-06:00,2026-04-21T20:23:00.000-06:00,76846.33,76854.01,76852.39413612556,4.930661223450035,191,0.9635800000000017,-9.979962005879009E-5,2.8893169186431313E-5,0.005044921465968595,9.993182497853925E-5,0.0,0.9772776213268266,0.022722378673173393,normal,2026-04-21 20:22:00,2026-04-21 20:23:00
ETHUSDT,2026-04-21T20:22:00.000-06:00,2026-04-21T20:23:00.000-06:00,2340.78,2341.03,2340.9817968749985,0.00492981668301695,128,55.09230000000007,-1.0679060071848715E-4,2.9992823263647192E-5,0.43040859375000057,1.0679279964232428E-4,0.0,0.9769525283659556,0.023047471634044414,normal,2026-04-21 20:22:00,2026-04-21 20:23:00
BNBUSDT,2026-04-21T20:22:00.000-06:00,2026-04-21T20:23:00.000-06:00,635.48,635.49,635.4859999999999,2.6666666666489433E-5,10,4.827999999999999,0.0,8.126029204303577E-6,0.48279999999999995,1.573598788956941E-5,0.0,0.9812853654036339,0.01871463459636613,normal,2026-04-21 20:22:00,2026-04-21 20:23:00
AVAXUSDT,2026-04-21T20:22:00.000-06:00,2026-04-21T20:23:00.000-06:00,9.51,9.51,9.51,0.0,16,905.9000000000001,0.0,0.0,56.618750000000006,0.0,0.0,0.9826386533450079,0.017361346654992116,normal,2026-04-21 20:22:00,2026-04-21 20:23:00
ETHUSDT,2026-04-21T20:22:00.000-06:00,2026-04-21T20:23:00.000-06:00,2340.48,2340.49,2340.484545454545,2.7272727271467762E-5,11,1.0090999999999999,0.0,2.2313027824484606E-6,0.09173636363636363,4.272619539054224E-6,0.0,0.98250742463353,0.017492575366469976,normal,2026-04-21 20:22:00,2026-04-21 20:23:00
BTCUSDT,2026-04-21T20:22:00.000-06:00,2026-04-21T20:23:00.000-06:00,76850.0,76856.42,76854.05355013548,3.06317445571166,1107,1.4508200000000078,-8.327216949124648E-5,2.2772939229310108E-5,0.0013105871725383991,8.353495623767183E-5,0.0,0.9784949001088604,0.02150509989113958,normal,2026-04-21 20:22:00,2026-04-21 20:23:00
BNBUSDT,2026-04-21T20:22:00.000-06:00,2026-04-21T20:23:00.000-06:00,635.43,635.51,635.4769491525424,6.146697837544127E-4,59,6.119000000000009,-1.101477553459998E-4,3.901405845214739E-5,0.1037118644067798,1.2588969608846883E-4,0.0,0.9744980866652304,0.025501913334769588,normal,2026-04-21 20:22:00,2026-04-21 20:23:00
AVAXUSDT,2026-04-21T20:22:00.000-06:00,2026-04-21T20:23:00.000-06:00,9.5,9.51,9.50181818181818,1.5340909090910476E-5,33,1166.5599999999997,0.001052631578947346,4.122102932361E-4,35.350303030303024,0.0010524301569077466,1.0,0.0383993306773982,0.9616006693226018,anomalo,2026-04-21 20:22:00,2026-04-21 20:23:00
BTCUSDT,2026-04-21T20:22:00.000-06:00,2026-04-21T20:23:00.000-06:00,76840.41,76854.01,76847.77384728353,16.110996941313505,681,4.1659800000000065,5.2049446974625893E-5,5.223118948924088E-5,0.006117444933920715,1.769732461869097E-4,0.0,0.9587927441858567,0.041207255814143307,normal,2026-04-21 20:22:00,2026-04-21 20:23:00
AVAXUSDT,2026-04-21T20:22:00.000-06:00,2026-04-21T20:23:00.000-06:00,9.51,9.51,9.509999999999996,0.0,34,1348.9,0.0,0.0,39.67352941176471,0.0,0.0,0.9827311509901298,0.017268849009870246,normal,2026-04-21 20:22:00,2026-04-21 20:23:00
BNBUSDT,2026-04-21T20:22:00.000-06:00,2026-04-21T20:23:00.000-06:00,635.43,635.49,635.4565217391307,3.9652173912534214E-4,46,2.1550000000000002,9.442424814701718E-5,3.1336295929938336E-5,0.04684782608695653,9.442030720819398E-5,0.0,0.9688536708025189,0.03114632919748106,normal,2026-04-21 20:22:00,2026-04-21 20:23:00
ETHUSDT,2026-04-21T20:22:00.000-06:00,2026-04-21T20:23:00.000-06:00,2340.48,2341.03,2340.7107202216084,0.02196614650650745,361,12.920800000000048,2.3499453103644632E-4,6.331829235563222E-5,0.035791689750692655,2.3497136799036417E-4,0.0,0.9315019210316919,0.06849807896830806,normal,2026-04-21 20:22:00,2026-04-21 20:23:00
ADAUSDT,2026-04-21T20:22:00.000-06:00,2026-04-21T20:23:00.000-06:00,0.2522,0.2522,0.2522000000000001,0.0,21,44549.30000000001,0.0,0.0,2121.3952380952387,0.0,0.0,0.9668691500402945,0.0331308499597055,normal,2026-04-21 20:22:00,2026-04-21 20:23:00
XRPUSDT,2026-04-21T20:22:00.000-06:00,2026-04-21T20:23:00.000-06:00,1.4372,1.4376,1.4373942857142858,9.966386554595339E-9,35,1256.2000000000003,-2.7824151363380355E-4,6.945331026729177E-5,35.89142857142858,2.782813344782316E-4,0.0,0.964292301755801,0.03570769824419895,normal,2026-04-21 20:22:00,2026-04-21 20:23:00
XRPUSDT,2026-04-21T20:22:00.000-06:00,2026-04-21T20:23:00.000-06:00,1.4377,1.4382,1.4379661764705882,2.585381913962728E-8,68,8132.399999999996,-2.781254345709609E-4,1.1181850523313843E-4,119.59411764705877,3.477133246813694E-4,0.0,0.9433216398089777,0.05667836019102235,normal,2026-04-21 20:22:00,2026-04-21 20:23:00
ADAUSDT,2026-04-21T20:22:00.000-06:00,2026-04-21T20:23:00.000-06:00,0.2521,0.2522,0.2521933333333335,6.436781609192685E-10,30,49421.00000000001,0.0,1.0060064964805126E-4,1647.366666666667,3.9652118744873876E-4,0.0,0.8568729309277887,0.1431270690722113,normal,2026-04-21 20:22:00,2026-04-21 20:23:00
XRPUSDT,2026-04-21T20:22:00.000-06:00,2026-04-21T20:23:00.000-06:00,1.4375,1.4377,1.4376194444444448,5.611111111106419E-9,36,896.3,-6.955554009876121E-5,5.210513148681713E-5,24.897222222222222,1.3911887514659083E-4,0.0,0.9692112191325435,0.03078878086745651,normal,2026-04-21 20:22:00,2026-04-21 20:23:00
ADAUSDT,2026-04-21T20:22:00.000-06:00,2026-04-21T20:23:00.000-06:00,0.2521,0.2522,0.2521666666666667,2.4242424242417883E-9,12,48358.00000000001,0.0,1.952541826506013E-4,4029.833333333334,3.965631196298307E-4,0.0,0.6082846883144366,0.3917153116855634,normal,2026-04-21 20:22:00,2026-04-21 20:23:00
SOLUSDT,2026-04-21T20:22:30.000-06:00,2026-04-21T20:23:30.000-06:00,86.87,86.9,86.88578947368433,1.0940988835722999E-4,133,235.99700000000044,-3.452243958573203E-4,1.20386984391274E-4,1.7744135338345899,3.4528085871956583E-4,0.0,0.9486197271072523,0.051380272892747714,normal,2026-04-21 20:22:30,2026-04-21 20:23:30
BNBUSDT,2026-04-21T20:22:30.000-06:00,2026-04-21T20:23:30.000-06:00,635.38,635.49,635.4295205479463,0.001895630609362179,146,3.1579999999999977,-1.7309477725851492E-4,6.851875594560507E-5,0.021630136986301354,1.7311125222063648E-4,0.0,0.96872802564953,0.03127197435047002,normal,2026-04-21 20:22:30,2026-04-21 20:23:30
XRPUSDT,2026-04-21T20:22:30.000-06:00,2026-04-21T20:23:30.000-06:00,1.4365,1.437,1.436741891891891,2.6029248426469827E-8,74,1335.5000000000007,-3.479471120389317E-4,1.1229283833401519E-4,18.047297297297305,3.480096201145417E-4,0.0,0.9506138864556739,0.04938611354432609,normal,2026-04-21 20:22:30,2026-04-21 20:23:30
ADAUSDT,2026-04-21T20:22:30.000-06:00,2026-04-21T20:23:30.000-06:00,0.2522,0.2522,0.2522,0.0,6,2230.2,0.0,0.0,371.7,0.0,0.0,0.9808274048569391,0.01917259514306091,normal,2026-04-21 20:22:30,2026-04-21 20:23:30
BNBUSDT,2026-04-21T20:22:30.000-06:00,2026-04-21T20:23:30.000-06:00,635.43,635.49,635.4565217391307,3.9652173912534214E-4,46,2.1550000000000002,9.442424814701718E-5,3.1336295929938336E-5,0.04684782608695653,9.442030720819398E-5,0.0,0.9688536708025189,0.03114632919748106,normal,2026-04-21 20:22:30,2026-04-21 20:23:30
SOLUSDT,2026-04-21T20:22:30.000-06:00,2026-04-21T20:23:30.000-06:00,86.9,86.91,86.90887096774183,1.0179799048083847E-5,62,359.7130000000001,0.0,3.671178442308833E-5,5.801822580645163,1.1506305269691776E-4,0.0,0.9707456340928777,0.02925436590712227,normal,2026-04-21 20:22:30,2026-04-21 20:23:30
XRPUSDT,2026-04-21T20:22:30.000-06:00,2026-04-21T20:23:30.000-06:00,1.4372,1.4372,1.4372000000000003,0.0,9,117.69999999999999,0.0,0.0,13.077777777777776,0.0,0.0,0.9828753518748005,0.017124648125199537,normal,2026-04-21 20:22:30,2026-04-21 20:23:30
BNBUSDT,2026-04-21T20:22:30.000-06:00,2026-04-21T20:23:30.000-06:00,635.43,635.51,635.4769491525424,6.146697837544127E-4,59,6.119000000000009,-1.101477553459998E-4,3.901405845214739E-5,0.1037118644067798,1.2588969608846883E-4,0.0,0.9744980866652304,0.025501913334769588,normal,2026-04-21 20:22:30,2026-04-21 20:23:30
SOLUSDT,2026-04-21T20:22:30.000-06:00,2026-04-21T20:23:30.000-06:00,86.9,86.91,86.90588235294106,2.4582967515296974E-5,68,176.30200000000008,0.0,5.705161992861534E-5,2.5926764705882364,1.1506700961137512E-4,0.0,0.9669888441161443,0.033011155883855725,normal,2026-04-21 20:22:30,2026-04-21 20:23:30
XRPUSDT,2026-04-21T20:22:30.000-06:00,2026-04-21T20:23:30.000-06:00,1.4372,1.4373,1.4372133333333337,1.2380952380980005E-9,15,115.20000000000002,0.0,2.4482501457094575E-5,7.6800000000000015,6.957909287416549E-5,0.0,0.9759866913668754,0.024013308633124564,normal,2026-04-21 20:22:30,2026-04-21 20:23:30
SOLUSDT,2026-04-21T20:22:30.000-06:00,2026-04-21T20:23:30.000-06:00,86.9,86.93,86.91706293706297,4.905939131287629E-5,143,295.61800000000034,0.0,8.058533865801317E-5,2.0672587412587435,3.451566238694038E-4,0.0,0.9299185155901505,0.07008148440984951,normal,2026-04-21 20:22:30,2026-04-21 20:23:30
XRPUSDT,2026-04-21T20:22:30.000-06:00,2026-04-21T20:23:30.000-06:00,1.437,1.4372,1.4371000000000007,1.6666666666678444E-9,49,9120.0,-6.957973838017603E-5,2.840778585095032E-5,186.12244897959184,1.391691601141033E-4,0.0,0.9719133715510666,0.028086628448933393,normal,2026-04-21 20:22:30,2026-04-21 20:23:30
BNBUSDT,2026-04-21T20:22:30.000-06:00,2026-04-21T20:23:30.000-06:00,635.48,635.49,635.4859999999999,2.6666666666489433E-5,10,4.827999999999999,0.0,8.126029204303577E-6,0.48279999999999995,1.573598788956941E-5,0.0,0.9812853654036339,0.01871463459636613,normal,2026-04-21 20:22:30,2026-04-21 20:23:30
ETHUSDT,2026-04-21T20:22:30.000-06:00,2026-04-21T20:23:30.000-06:00,2340.78,2341.03,2340.9817968749985,0.00492981668301695,128,55.09230000000007,-1.0679060071848715E-4,2.9992823263647192E-5,0.43040859375000057,1.0679279964232428E-4,0.0,0.9769525283659556,0.023047471634044414,normal,2026-04-21 20:22:30,2026-04-21 20:23:30
ADAUSDT,2026-04-21T20:22:30.000-06:00,2026-04-21T20:23:30.000-06:00,0.2523,0.2524,0.25233125000000006,2.2916666666663104E-9,16,14115.699999999997,0.0,1.8971631689619566E-4,882.2312499999998,3.963044609020443E-4,0.0,0.8153022224820892,0.18469777751791083,normal,2026-04-21 20:22:30,2026-04-21 20:23:30
AVAXUSDT,2026-04-21T20:22:30.000-06:00,2026-04-21T20:23:30.000-06:00,9.51,9.51,9.51,0.0,16,905.9000000000001,0.0,0.0,56.618750000000006,0.0,0.0,0.9826386533450079,0.017361346654992116,normal,2026-04-21 20:22:30,2026-04-21 20:23:30
ETHUSDT,2026-04-21T20:22:30.000-06:00,2026-04-21T20:23:30.000-06:00,2340.48,2340.49,2340.484545454545,2.7272727271467762E-5,11,1.0090999999999999,0.0,2.2313027824484606E-6,0.09173636363636363,4.272619539054224E-6,0.0,0.98250742463353,0.017492575366469976,normal,2026-04-21 20:22:30,2026-04-21 20:23:30
ADAUSDT,2026-04-21T20:22:30.000-06:00,2026-04-21T20:23:30.000-06:00,0.2521,0.2523,0.25220810810810823,1.8768768768781836E-9,37,101292.89999999998,0.0,1.71774561098889E-4,2737.645945945945,7.929959171427753E-4,1.0,0.4714507432723821,0.5285492567276179,anomalo,2026-04-21 20:22:30,2026-04-21 20:23:30
AVAXUSDT,2026-04-21T20:22:30.000-06:00,2026-04-21T20:23:30.000-06:00,9.5,9.51,9.50181818181818,1.5340909090910476E-5,33,1166.5599999999997,0.001052631578947346,4.122102932361E-4,35.350303030303024,0.0010524301569077466,1.0,0.0383993306773982,0.9616006693226018,anomalo,2026-04-21 20:22:30,2026-04-21 20:23:30
AVAXUSDT,2026-04-21T20:22:30.000-06:00,2026-04-21T20:23:30.000-06:00,9.51,9.51,9.509999999999996,0.0,34,1348.9,0.0,0.0,39.67352941176471,0.0,0.0,0.9827311509901298,0.017268849009870246,normal,2026-04-21 20:22:30,2026-04-21 20:23:30
ETHUSDT,2026-04-21T20:22:30.000-06:00,2026-04-21T20:23:30.000-06:00,2340.48,2341.03,2340.7107202216084,0.02196614650650745,361,12.920800000000048,2.3499453103644632E-4,6.331829235563222E-5,0.035791689750692655,2.3497136799036417E-4,0.0,0.9315019210316919,0.06849807896830806,normal,2026-04-21 20:22:30,2026-04-21 20:23:30
ADAUSDT,2026-04-21T20:22:30.000-06:00,2026-04-21T20:23:30.000-06:00,0.2522,0.2523,0.2522733333333333,2.095238095241418E-9,15,24639.7,3.9651070578923276E-4,1.8144514212788766E-4,1642.6466666666668,3.9639544409520567E-4,0.0,0.6523833437378291,0.34761665626217086,normal,2026-04-21 20:22:30,2026-04-21 20:23:30
ETHUSDT,2026-04-21T20:22:30.000-06:00,2026-04-21T20:23:30.000-06:00,2339.64,2340.78,2340.202909336944,0.1109420662931371,739,330.4753000000018,-4.870171481302503E-4,1.423293972755557E-4,0.4471925575101513,4.871372458567393E-4,0.0,0.932056458414664,0.067943541585336,normal,2026-04-21 20:22:30,2026-04-21 20:23:30
ADAUSDT,2026-04-21T20:22:30.000-06:00,2026-04-21T20:23:30.000-06:00,0.2521,0.2524,0.25221142857142875,5.747899159659109E-9,35,38982.100000000006,-0.0011885895404121333,3.0060057576861664E-4,1113.774285714286,0.0011894782155561976,0.0,0.6180483356869992,0.38195166431300076,normal,2026-04-21 20:22:30,2026-04-21 20:23:30
AVAXUSDT,2026-04-21T20:22:30.000-06:00,2026-04-21T20:23:30.000-06:00,9.51,9.51,9.51,0.0,4,630.9,0.0,0.0,157.725,0.0,0.0,0.9820765523621715,0.017923447637828493,normal,2026-04-21 20:22:30,2026-04-21 20:23:30
BTCUSDT,2026-04-21T20:22:30.000-06:00,2026-04-21T20:23:30.000-06:00,76840.41,76854.01,76847.77384728353,16.110996941313505,681,4.1659800000000065,5.2049446974625893E-5,5.223118948924088E-5,0.006117444933920715,1.769732461869097E-4,0.0,0.9587927441858567,0.041207255814143307,normal,2026-04-21 20:22:30,2026-04-21 20:23:30
DOGEUSDT,2026-04-21T20:22:30.000-06:00,2026-04-21T20:23:30.000-06:00,0.09579,0.09581,0.09580392857142862,3.214285714275236E-11,28,113596.0,2.087900615931321E-4,5.917781430958938E-5,4057.0,2.0875970639444818E-4,0.0,0.8102297593565851,0.18977024064341486,normal,2026-04-21 20:22:30,2026-04-21 20:23:30
DOGEUSDT,2026-04-21T20:22:30.000-06:00,2026-04-21T20:23:30.000-06:00,0.09579,0.09581,0.0958053191489362,3.413506012968052E-11,47,180917.0,-2.0874647740325774E-4,6.09832708542004E-5,3849.2978723404253,2.0875667632727884E-4,0.0,0.900637286071362,0.09936271392863805,normal,2026-04-21 20:22:30,2026-04-21 20:23:30
BTCUSDT,2026-04-21T20:22:30.000-06:00,2026-04-21T20:23:30.000-06:00,76846.33,76854.01,76852.39413612556,4.930661223450035,191,0.9635800000000017,-9.979962005879009E-5,2.8893169186431313E-5,0.005044921465968595,9.993182497853925E-5,0.0,0.9772776213268266,0.022722378673173393,normal,2026-04-21 20:22:30,2026-04-21 20:23:30
BTCUSDT,2026-04-21T20:22:30.000-06:00,2026-04-21T20:23:30.000-06:00,76818.18,76846.32,76832.67085396027,66.81439939358778,808,2.1470800000000034,-3.6618539443416376E-4,1.0638713267517388E-4,0.0026572772277227764,3.6625044642143295E-4,0.0,0.9516129733733846,0.048387026626615426,normal,2026-04-21 20:22:30,2026-04-21 20:23:30
DOGEUSDT,2026-04-21T20:22:30.000-06:00,2026-04-21T20:23:30.000-06:00,0.09575,0.09579,0.09576755813953487,1.2850537195690763E-10,172,1095968.0,-4.175801231861193E-4,1.1837015805104997E-4,6371.906976744186,4.176779775643619E-4,0.0,0.6904054786079274,0.30959452139207255,normal,2026-04-21 20:22:30,2026-04-21 20:23:30
BTCUSDT,2026-04-21T20:22:30.000-06:00,2026-04-21T20:23:30.000-06:00,76850.0,76856.42,76854.05355013548,3.06317445571166,1107,1.4508200000000078,-8.327216949124648E-5,2.2772939229310108E-5,0.0013105871725383991,8.353495623767183E-5,0.0,0.9784949001088604,0.02150509989113958,normal,2026-04-21 20:22:30,2026-04-21 20:23:30
DOGEUSDT,2026-04-21T20:22:30.000-06:00,2026-04-21T20:23:30.000-06:00,0.0958,0.0958,0.09580000000000005,0.0,25,107760.0,0.0,0.0,4310.4,0.0,0.0,0.9353146344297834,0.06468536557021665,normal,2026-04-21 20:22:30,2026-04-21 20:23:30
ADAUSDT,2026-04-21T20:23:00.000-06:00,2026-04-21T20:24:00.000-06:00,0.2521,0.2524,0.25221142857142875,5.747899159659109E-9,35,38982.100000000006,-0.0011885895404121333,3.0060057576861664E-4,1113.774285714286,0.0011894782155561976,0.0,0.6180483356869992,0.38195166431300076,normal,2026-04-21 20:23:00,2026-04-21 20:24:00
SOLUSDT,2026-04-21T20:23:00.000-06:00,2026-04-21T20:24:00.000-06:00,86.87,86.9,86.88578947368433,1.0940988835722999E-4,133,235.99700000000044,-3.452243958573203E-4,1.20386984391274E-4,1.7744135338345899,3.4528085871956583E-4,0.0,0.9486197271072523,0.051380272892747714,normal,2026-04-21 20:23:00,2026-04-21 20:24:00
BNBUSDT,2026-04-21T20:23:00.000-06:00,2026-04-21T20:24:00.000-06:00,635.38,635.49,635.4295205479463,0.001895630609362179,146,3.1579999999999977,-1.7309477725851492E-4,6.851875594560507E-5,0.021630136986301354,1.7311125222063648E-4,0.0,0.96872802564953,0.03127197435047002,normal,2026-04-21 20:23:00,2026-04-21 20:24:00
AVAXUSDT,2026-04-21T20:23:00.000-06:00,2026-04-21T20:24:00.000-06:00,9.51,9.51,9.51,0.0,4,630.9,0.0,0.0,157.725,0.0,0.0,0.9820765523621715,0.017923447637828493,normal,2026-04-21 20:23:00,2026-04-21 20:24:00
BTCUSDT,2026-04-21T20:23:00.000-06:00,2026-04-21T20:24:00.000-06:00,76818.18,76846.32,76832.67085396027,66.81439939358778,808,2.1470800000000034,-3.6618539443416376E-4,1.0638713267517388E-4,0.0026572772277227764,3.6625044642143295E-4,0.0,0.9516129733733846,0.048387026626615426,normal,2026-04-21 20:23:00,2026-04-21 20:24:00
DOGEUSDT,2026-04-21T20:23:00.000-06:00,2026-04-21T20:24:00.000-06:00,0.09575,0.09579,0.09576755813953487,1.2850537195690763E-10,172,1095968.0,-4.175801231861193E-4,1.1837015805104997E-4,6371.906976744186,4.176779775643619E-4,0.0,0.6904054786079274,0.30959452139207255,normal,2026-04-21 20:23:00,2026-04-21 20:24:00
ETHUSDT,2026-04-21T20:23:00.000-06:00,2026-04-21T20:24:00.000-06:00,2339.64,2340.78,2340.202909336944,0.1109420662931371,739,330.4753000000018,-4.870171481302503E-4,1.423293972755557E-4,0.4471925575101513,4.871372458567393E-4,0.0,0.932056458414664,0.067943541585336,normal,2026-04-21 20:23:00,2026-04-21 20:24:00
XRPUSDT,2026-04-21T20:23:00.000-06:00,2026-04-21T20:24:00.000-06:00,1.4365,1.437,1.436741891891891,2.6029248426469827E-8,74,1335.5000000000007,-3.479471120389317E-4,1.1229283833401519E-4,18.047297297297305,3.480096201145417E-4,0.0,0.9506138864556739,0.04938611354432609,normal,2026-04-21 20:23:00,2026-04-21 20:24:00
