symbol,price_min,price_max,price_avg,price_variance,trade_count,total_volume,price_first,price_last,price_stddev,window_start,window_end,window_start_str,window_end_str
ETHUSDT,2323.43,2323.62,2323.5698245614017,0.0019451016922699333,114,3.272400000000008,2323.61,2323.43,0.04410330704459625,2026-04-21T20:01:30.000-06:00,2026-04-21T20:02:30.000-06:00,2026-04-21 20:01:30,2026-04-21 20:02:30
XRPUSDT,1.4297,1.4298,1.42978,1.9999999999990046E-9,5,1139.6,1.4298,1.4298,4.472135954998466E-5,2026-04-21T20:01:30.000-06:00,2026-04-21T20:02:30.000-06:00,2026-04-21 20:01:30,2026-04-21 20:02:30
DOGEUSDT,0.09499,0.095,0.09499124999999999,1.1413043478255486E-11,24,81355.0,0.09499,0.095,3.378319623460084E-6,2026-04-21T20:01:30.000-06:00,2026-04-21T20:02:30.000-06:00,2026-04-21 20:01:30,2026-04-21 20:02:30
DOGEUSDT,0.09498,0.09498,0.09498000000000002,0.0,19,4351.0,0.09498,0.09498,0.0,2026-04-21T20:01:30.000-06:00,2026-04-21T20:02:30.000-06:00,2026-04-21 20:01:30,2026-04-21 20:02:30
XRPUSDT,1.4297,1.4298,1.4297100000000003,9.999999999997798E-10,10,1544.8,1.4297,1.4298,3.162277660168031E-5,2026-04-21T20:01:30.000-06:00,2026-04-21T20:02:30.000-06:00,2026-04-21 20:01:30,2026-04-21 20:02:30
ETHUSDT,2323.59,2323.62,2323.602459016393,7.551912568442484E-5,61,1.7516999999999987,2323.59,2323.61,0.008690174088269166,2026-04-21T20:01:30.000-06:00,2026-04-21T20:02:30.000-06:00,2026-04-21 20:01:30,2026-04-21 20:02:30
ADAUSDT,0.2493,0.2493,0.2493,0.0,5,568.4,0.2493,0.2493,0.0,2026-04-21T20:01:30.000-06:00,2026-04-21T20:02:30.000-06:00,2026-04-21 20:01:30,2026-04-21 20:02:30
SOLUSDT,86.35,86.36,86.35714285714286,2.380952380954761E-5,7,5.014,86.36,86.35,0.004879500364745105,2026-04-21T20:01:30.000-06:00,2026-04-21T20:02:30.000-06:00,2026-04-21 20:01:30,2026-04-21 20:02:30
AVAXUSDT,9.4,9.4,9.400000000000004,0.0,27,1404.0599999999995,9.4,9.4,0.0,2026-04-21T20:01:30.000-06:00,2026-04-21T20:02:30.000-06:00,2026-04-21 20:01:30,2026-04-21 20:02:30
BNBUSDT,633.19,633.2,633.1918750000002,1.625000000008135E-5,16,2.0039999999999996,633.19,633.19,0.004031128874159365,2026-04-21T20:01:30.000-06:00,2026-04-21T20:02:30.000-06:00,2026-04-21 20:01:30,2026-04-21 20:02:30
BNBUSDT,633.03,633.19,633.1212137203139,0.0021408510281827925,379,10.296000000000058,633.19,633.03,0.04626933139978135,2026-04-21T20:01:30.000-06:00,2026-04-21T20:02:30.000-06:00,2026-04-21 20:01:30,2026-04-21 20:02:30
SOLUSDT,86.32,86.35,86.33816326530612,9.14369871660327E-5,98,250.82600000000025,86.35,86.32,0.009562268933994311,2026-04-21T20:01:30.000-06:00,2026-04-21T20:02:30.000-06:00,2026-04-21 20:01:30,2026-04-21 20:02:30
AVAXUSDT,9.4,9.4,9.4,,1,58.9,9.4,9.4,,2026-04-21T20:01:30.000-06:00,2026-04-21T20:02:30.000-06:00,2026-04-21 20:01:30,2026-04-21 20:02:30
DOGEUSDT,0.09496,0.09499,0.09497633333333341,1.1175141242945311E-10,60,8257.0,0.09499,0.09496,1.0571254061342633E-5,2026-04-21T20:01:30.000-06:00,2026-04-21T20:02:30.000-06:00,2026-04-21 20:01:30,2026-04-21 20:02:30
ETHUSDT,2322.79,2323.42,2323.113724489789,0.03370476277407178,392,6.923300000000014,2323.42,2322.79,0.183588569290334,2026-04-21T20:01:30.000-06:00,2026-04-21T20:02:30.000-06:00,2026-04-21 20:01:30,2026-04-21 20:02:30
XRPUSDT,1.4295,1.4297,1.4295793103448282,6.231094978800739E-9,58,4492.9,1.4297,1.4295,7.893728509899956E-5,2026-04-21T20:01:30.000-06:00,2026-04-21T20:02:30.000-06:00,2026-04-21 20:01:30,2026-04-21 20:02:30
ADAUSDT,0.2493,0.2493,0.2493,0.0,10,31710.499999999993,0.2493,0.2493,0.0,2026-04-21T20:01:30.000-06:00,2026-04-21T20:02:30.000-06:00,2026-04-21 20:01:30,2026-04-21 20:02:30
ADAUSDT,0.2494,0.2494,0.2494,,1,23.1,0.2494,0.2494,,2026-04-21T20:01:30.000-06:00,2026-04-21T20:02:30.000-06:00,2026-04-21 20:01:30,2026-04-21 20:02:30
BNBUSDT,633.19,633.2,633.1916666666667,1.5151515151483833E-5,12,1.014,633.19,633.2,0.003892494720803592,2026-04-21T20:01:30.000-06:00,2026-04-21T20:02:30.000-06:00,2026-04-21 20:01:30,2026-04-21 20:02:30
SOLUSDT,86.35,86.36,86.35170731707315,1.4512195121981197E-5,41,72.838,86.35,86.36,0.003809487514349036,2026-04-21T20:01:30.000-06:00,2026-04-21T20:02:30.000-06:00,2026-04-21 20:01:30,2026-04-21 20:02:30
AVAXUSDT,9.4,9.4,9.4,,1,52.94,9.4,9.4,,2026-04-21T20:01:30.000-06:00,2026-04-21T20:02:30.000-06:00,2026-04-21 20:01:30,2026-04-21 20:02:30
BTCUSDT,76335.37,76338.63,76337.61447552455,2.2078009553401623,143,0.6527000000000006,76338.63,76335.38,1.4858670718944418,2026-04-21T20:01:30.000-06:00,2026-04-21T20:02:30.000-06:00,2026-04-21 20:01:30,2026-04-21 20:02:30
BTCUSDT,76338.62,76338.63,76338.62333333334,2.5000000046089724E-5,9,0.05403,76338.62,76338.62,0.005000000004608972,2026-04-21T20:01:30.000-06:00,2026-04-21T20:02:30.000-06:00,2026-04-21 20:01:30,2026-04-21 20:02:30
BTCUSDT,76310.0,76335.37,76321.75407407402,55.50705329677712,729,1.019810000000005,76335.37,76310.01,7.4503055841205015,2026-04-21T20:01:30.000-06:00,2026-04-21T20:02:30.000-06:00,2026-04-21 20:01:30,2026-04-21 20:02:30
ETHUSDT,2323.59,2323.59,2323.59,,1,0.0591,2323.59,2323.59,,2026-04-21T20:01:30.000-06:00,2026-04-21T20:02:30.000-06:00,2026-04-21 20:01:30,2026-04-21 20:02:30
BTCUSDT,76288.31,76310.0,76301.45493203902,52.3602904134774,515,2.789940000000002,76310.0,76288.31,7.236041073230403,2026-04-21T20:02:00.000-06:00,2026-04-21T20:03:00.000-06:00,2026-04-21 20:02:00,2026-04-21 20:03:00
ETHUSDT,2322.14,2322.78,2322.421476683939,0.04219028127321688,386,3.533900000000009,2322.78,2322.14,0.20540272946876068,2026-04-21T20:02:00.000-06:00,2026-04-21T20:03:00.000-06:00,2026-04-21 20:02:00,2026-04-21 20:03:00
XRPUSDT,1.4292,1.4294,1.4292720588235275,7.118086040344815E-9,68,1153.7999999999997,1.4294,1.4292,8.436875037799728E-5,2026-04-21T20:02:00.000-06:00,2026-04-21T20:03:00.000-06:00,2026-04-21 20:02:00,2026-04-21 20:03:00
BTCUSDT,76289.3,76302.0,76295.74235074634,19.32167123256452,268,2.4258100000000042,76301.99,76289.3,4.395642300342979,2026-04-21T20:02:00.000-06:00,2026-04-21T20:03:00.000-06:00,2026-04-21 20:02:00,2026-04-21 20:03:00
ETHUSDT,2321.92,2322.24,2322.097683615822,0.00984901009901214,354,28.044200000000025,2322.12,2321.93,0.09924217903196272,2026-04-21T20:02:00.000-06:00,2026-04-21T20:03:00.000-06:00,2026-04-21 20:02:00,2026-04-21 20:03:00
XRPUSDT,1.429,1.4291,1.429039393939394,2.462121212128487E-9,33,1794.7,1.4291,1.4291,4.961976634496063E-5,2026-04-21T20:02:00.000-06:00,2026-04-21T20:03:00.000-06:00,2026-04-21 20:02:00,2026-04-21 20:03:00
SOLUSDT,86.35,86.36,86.35714285714286,2.380952380954761E-5,7,5.014,86.36,86.35,0.004879500364745105,2026-04-21T20:02:00.000-06:00,2026-04-21T20:03:00.000-06:00,2026-04-21 20:02:00,2026-04-21 20:03:00
ADAUSDT,0.2493,0.2493,0.2493,0.0,10,31710.499999999993,0.2493,0.2493,0.0,2026-04-21T20:02:00.000-06:00,2026-04-21T20:03:00.000-06:00,2026-04-21 20:02:00,2026-04-21 20:03:00
SOLUSDT,86.35,86.36,86.35170731707315,1.4512195121981197E-5,41,72.838,86.35,86.36,0.003809487514349036,2026-04-21T20:02:00.000-06:00,2026-04-21T20:03:00.000-06:00,2026-04-21 20:02:00,2026-04-21 20:03:00
ADAUSDT,0.2494,0.2494,0.2494,,1,23.1,0.2494,0.2494,,2026-04-21T20:02:00.000-06:00,2026-04-21T20:03:00.000-06:00,2026-04-21 20:02:00,2026-04-21 20:03:00
SOLUSDT,86.3,86.33,86.31509090909093,4.397306397314442E-5,55,105.74500000000002,86.33,86.31,0.006631218890456296,2026-04-21T20:02:00.000-06:00,2026-04-21T20:03:00.000-06:00,2026-04-21 20:02:00,2026-04-21 20:03:00
BTCUSDT,76310.0,76335.37,76321.75407407402,55.50705329677712,729,1.019810000000005,76335.37,76310.01,7.4503055841205015,2026-04-21T20:02:00.000-06:00,2026-04-21T20:03:00.000-06:00,2026-04-21 20:02:00,2026-04-21 20:03:00
ETHUSDT,2322.79,2323.42,2323.113724489789,0.03370476277407178,392,6.923300000000014,2323.42,2322.79,0.183588569290334,2026-04-21T20:02:00.000-06:00,2026-04-21T20:03:00.000-06:00,2026-04-21 20:02:00,2026-04-21 20:03:00
XRPUSDT,1.4295,1.4297,1.4295793103448282,6.231094978800739E-9,58,4492.9,1.4297,1.4295,7.893728509899956E-5,2026-04-21T20:02:00.000-06:00,2026-04-21T20:03:00.000-06:00,2026-04-21 20:02:00,2026-04-21 20:03:00
SOLUSDT,86.28,86.31,86.29056338028164,6.539235412482826E-5,71,51.413999999999994,86.31,86.28,0.008086553909102954,2026-04-21T20:02:00.000-06:00,2026-04-21T20:03:00.000-06:00,2026-04-21 20:02:00,2026-04-21 20:03:00
BTCUSDT,76288.31,76302.0,76293.6677540107,12.710448025259703,374,1.1670200000000022,76288.31,76302.0,3.565171528167993,2026-04-21T20:02:00.000-06:00,2026-04-21T20:03:00.000-06:00,2026-04-21 20:02:00,2026-04-21 20:03:00
XRPUSDT,1.4291,1.4292,1.42912,1.7777777777721899E-9,10,315.2,1.4292,1.4291,4.216370213551213E-5,2026-04-21T20:02:00.000-06:00,2026-04-21T20:03:00.000-06:00,2026-04-21 20:02:00,2026-04-21 20:03:00
ETHUSDT,2322.11,2322.14,2322.122830188678,7.068214804326374E-5,53,0.8965,2322.14,2322.11,0.008407267572955183,2026-04-21T20:02:00.000-06:00,2026-04-21T20:03:00.000-06:00,2026-04-21 20:02:00,2026-04-21 20:03:00
AVAXUSDT,9.4,9.4,9.400000000000004,0.0,27,1404.0599999999995,9.4,9.4,0.0,2026-04-21T20:02:00.000-06:00,2026-04-21T20:03:00.000-06:00,2026-04-21 20:02:00,2026-04-21 20:03:00
DOGEUSDT,0.09499,0.095,0.09499124999999999,1.1413043478255486E-11,24,81355.0,0.09499,0.095,3.378319623460084E-6,2026-04-21T20:02:00.000-06:00,2026-04-21T20:03:00.000-06:00,2026-04-21 20:02:00,2026-04-21 20:03:00
DOGEUSDT,0.09496,0.09499,0.09497633333333341,1.1175141242945311E-10,60,8257.0,0.09499,0.09496,1.0571254061342633E-5,2026-04-21T20:02:00.000-06:00,2026-04-21T20:03:00.000-06:00,2026-04-21 20:02:00,2026-04-21 20:03:00
AVAXUSDT,9.4,9.4,9.4,,1,58.9,9.4,9.4,,2026-04-21T20:02:00.000-06:00,2026-04-21T20:03:00.000-06:00,2026-04-21 20:02:00,2026-04-21 20:03:00
SOLUSDT,86.32,86.35,86.33816326530612,9.14369871660327E-5,98,250.82600000000025,86.35,86.32,0.009562268933994311,2026-04-21T20:02:00.000-06:00,2026-04-21T20:03:00.000-06:00,2026-04-21 20:02:00,2026-04-21 20:03:00
ADAUSDT,0.2493,0.2493,0.2493,0.0,5,568.4,0.2493,0.2493,0.0,2026-04-21T20:02:00.000-06:00,2026-04-21T20:03:00.000-06:00,2026-04-21 20:02:00,2026-04-21 20:03:00
SOLUSDT,86.26,86.29,86.27709677419367,6.028556319393937E-5,62,141.41099999999997,86.29,86.26,0.0077643778368868275,2026-04-21T20:02:00.000-06:00,2026-04-21T20:03:00.000-06:00,2026-04-21 20:02:00,2026-04-21 20:03:00
ADAUSDT,0.2492,0.2492,0.24920000000000006,0.0,12,40045.100000000006,0.2492,0.2492,0.0,2026-04-21T20:02:00.000-06:00,2026-04-21T20:03:00.000-06:00,2026-04-21 20:02:00,2026-04-21 20:03:00
BTCUSDT,76335.37,76338.63,76337.61447552455,2.2078009553401623,143,0.6527000000000006,76338.63,76335.38,1.4858670718944418,2026-04-21T20:02:00.000-06:00,2026-04-21T20:03:00.000-06:00,2026-04-21 20:02:00,2026-04-21 20:03:00
ETHUSDT,2323.43,2323.62,2323.5698245614017,0.0019451016922699333,114,3.272400000000008,2323.61,2323.43,0.04410330704459625,2026-04-21T20:02:00.000-06:00,2026-04-21T20:03:00.000-06:00,2026-04-21 20:02:00,2026-04-21 20:03:00
XRPUSDT,1.4297,1.4298,1.42978,1.9999999999990046E-9,5,1139.6,1.4298,1.4298,4.472135954998466E-5,2026-04-21T20:02:00.000-06:00,2026-04-21T20:03:00.000-06:00,2026-04-21 20:02:00,2026-04-21 20:03:00
XRPUSDT,1.4297,1.4298,1.4297100000000003,9.999999999997798E-10,10,1544.8,1.4297,1.4298,3.162277660168031E-5,2026-04-21T20:02:00.000-06:00,2026-04-21T20:03:00.000-06:00,2026-04-21 20:02:00,2026-04-21 20:03:00
BTCUSDT,76338.62,76338.63,76338.62333333334,2.5000000046089724E-5,9,0.05403,76338.62,76338.62,0.005000000004608972,2026-04-21T20:02:00.000-06:00,2026-04-21T20:03:00.000-06:00,2026-04-21 20:02:00,2026-04-21 20:03:00
ETHUSDT,2323.59,2323.62,2323.602459016393,7.551912568442484E-5,61,1.7516999999999987,2323.59,2323.61,0.008690174088269166,2026-04-21T20:02:00.000-06:00,2026-04-21T20:03:00.000-06:00,2026-04-21 20:02:00,2026-04-21 20:03:00
DOGEUSDT,0.09495,0.09497,0.09495328124999991,2.8745039682614312E-11,64,130799.0,0.09497,0.09495,5.361440075447483E-6,2026-04-21T20:02:00.000-06:00,2026-04-21T20:03:00.000-06:00,2026-04-21 20:02:00,2026-04-21 20:03:00
AVAXUSDT,9.4,9.4,9.400000000000002,0.0,29,2024.8699999999994,9.4,9.4,0.0,2026-04-21T20:02:00.000-06:00,2026-04-21T20:03:00.000-06:00,2026-04-21 20:02:00,2026-04-21 20:03:00
DOGEUSDT,0.09498,0.09498,0.09498000000000002,0.0,19,4351.0,0.09498,0.09498,0.0,2026-04-21T20:02:00.000-06:00,2026-04-21T20:03:00.000-06:00,2026-04-21 20:02:00,2026-04-21 20:03:00
AVAXUSDT,9.4,9.4,9.4,,1,52.94,9.4,9.4,,2026-04-21T20:02:00.000-06:00,2026-04-21T20:03:00.000-06:00,2026-04-21 20:02:00,2026-04-21 20:03:00
BNBUSDT,632.8,632.84,632.8128985507253,2.2971014492895907E-4,69,3.460999999999996,632.84,632.81,0.015156191636719267,2026-04-21T20:02:00.000-06:00,2026-04-21T20:03:00.000-06:00,2026-04-21 20:02:00,2026-04-21 20:03:00
DOGEUSDT,0.09494,0.09494,0.09494000000000001,0.0,7,4210.0,0.09494,0.09494,0.0,2026-04-21T20:02:00.000-06:00,2026-04-21T20:03:00.000-06:00,2026-04-21 20:02:00,2026-04-21 20:03:00
DOGEUSDT,0.09492,0.09494,0.09493259259259267,5.352900069871035E-11,54,83368.0,0.09494,0.09493,7.316351597532089E-6,2026-04-21T20:02:00.000-06:00,2026-04-21T20:03:00.000-06:00,2026-04-21 20:02:00,2026-04-21 20:03:00
BNBUSDT,632.87,633.03,632.9521719457017,0.003147988482112437,221,7.820000000000016,633.03,632.87,0.05610693791424049,2026-04-21T20:02:00.000-06:00,2026-04-21T20:03:00.000-06:00,2026-04-21 20:02:00,2026-04-21 20:03:00
BNBUSDT,633.19,633.2,633.1918750000002,1.625000000008135E-5,16,2.0039999999999996,633.19,633.19,0.004031128874159365,2026-04-21T20:02:00.000-06:00,2026-04-21T20:03:00.000-06:00,2026-04-21 20:02:00,2026-04-21 20:03:00
BNBUSDT,633.19,633.2,633.1916666666667,1.5151515151483833E-5,12,1.014,633.19,633.2,0.003892494720803592,2026-04-21T20:02:00.000-06:00,2026-04-21T20:03:00.000-06:00,2026-04-21 20:02:00,2026-04-21 20:03:00
BNBUSDT,633.03,633.19,633.1212137203139,0.0021408510281827925,379,10.296000000000058,633.19,633.03,0.04626933139978135,2026-04-21T20:02:00.000-06:00,2026-04-21T20:03:00.000-06:00,2026-04-21 20:02:00,2026-04-21 20:03:00
BNBUSDT,632.84,632.86,632.84693877551,7.585034013603533E-5,49,1.1800000000000002,632.86,632.85,0.008709210075318849,2026-04-21T20:02:00.000-06:00,2026-04-21T20:03:00.000-06:00,2026-04-21 20:02:00,2026-04-21 20:03:00
ETHUSDT,2323.59,2323.59,2323.59,,1,0.0591,2323.59,2323.59,,2026-04-21T20:02:00.000-06:00,2026-04-21T20:03:00.000-06:00,2026-04-21 20:02:00,2026-04-21 20:03:00
BNBUSDT,632.87,633.03,632.9521719457017,0.003147988482112437,221,7.820000000000016,633.03,632.87,0.05610693791424049,2026-04-21T20:02:30.000-06:00,2026-04-21T20:03:30.000-06:00,2026-04-21 20:02:30,2026-04-21 20:03:30
ETHUSDT,2322.14,2322.78,2322.421476683939,0.04219028127321688,386,3.533900000000009,2322.78,2322.14,0.20540272946876068,2026-04-21T20:02:30.000-06:00,2026-04-21T20:03:30.000-06:00,2026-04-21 20:02:30,2026-04-21 20:03:30
AVAXUSDT,9.4,9.4,9.400000000000002,0.0,29,2024.8699999999994,9.4,9.4,0.0,2026-04-21T20:02:30.000-06:00,2026-04-21T20:03:30.000-06:00,2026-04-21 20:02:30,2026-04-21 20:03:30
BNBUSDT,632.44,632.53,632.4855752212396,7.356036662520435E-4,113,6.098999999999998,632.53,632.45,0.02712201442098362,2026-04-21T20:02:30.000-06:00,2026-04-21T20:03:30.000-06:00,2026-04-21 20:02:30,2026-04-21 20:03:30
AVAXUSDT,9.38,9.39,9.38977777777777,2.22222222222214E-6,45,3847.480000000002,9.39,9.39,0.0014907119849998322,2026-04-21T20:02:30.000-06:00,2026-04-21T20:03:30.000-06:00,2026-04-21 20:02:30,2026-04-21 20:03:30
ETHUSDT,2320.22,2320.36,2320.2969680851115,0.002387015018716366,188,2.554399999999996,2320.22,2320.35,0.0488570877019534,2026-04-21T20:02:30.000-06:00,2026-04-21T20:03:30.000-06:00,2026-04-21 20:02:30,2026-04-21 20:03:30
BTCUSDT,76223.9,76231.28,76226.42062222226,5.215572825214383,225,0.4544099999999999,76223.9,76231.27,2.283762865363736,2026-04-21T20:02:30.000-06:00,2026-04-21T20:03:30.000-06:00,2026-04-21 20:02:30,2026-04-21 20:03:30
DOGEUSDT,0.09487,0.09488,0.094875,3.333333333338459E-11,4,1259.0,0.09488,0.09487,5.773502691900696E-6,2026-04-21T20:02:30.000-06:00,2026-04-21T20:03:30.000-06:00,2026-04-21 20:02:30,2026-04-21 20:03:30
XRPUSDT,1.4281,1.4281,1.4281000000000001,0.0,8,47.5,1.4281,1.4281,0.0,2026-04-21T20:02:30.000-06:00,2026-04-21T20:03:30.000-06:00,2026-04-21 20:02:30,2026-04-21 20:03:30
DOGEUSDT,0.09487,0.09493,0.0948990243902439,2.728108756493308E-10,123,148486.0,0.09493,0.09488,1.651698748710947E-5,2026-04-21T20:02:30.000-06:00,2026-04-21T20:03:30.000-06:00,2026-04-21 20:02:30,2026-04-21 20:03:30
XRPUSDT,1.4283,1.429,1.4286356164383618,4.3826169107205005E-8,146,14270.800000000001,1.429,1.4283,2.0934700644433636E-4,2026-04-21T20:02:30.000-06:00,2026-04-21T20:03:30.000-06:00,2026-04-21 20:02:30,2026-04-21 20:03:30
BTCUSDT,76226.96,76289.31,76262.41726825776,417.5635633659208,1424,2.669870000000005,76289.31,76226.96,20.43437210598654,2026-04-21T20:02:30.000-06:00,2026-04-21T20:03:30.000-06:00,2026-04-21 20:02:30,2026-04-21 20:03:30
DOGEUSDT,0.09487,0.09489,0.09488044943820226,6.570480081750288E-11,89,13892.0,0.09489,0.09487,8.105849789966681E-6,2026-04-21T20:02:30.000-06:00,2026-04-21T20:03:30.000-06:00,2026-04-21 20:02:30,2026-04-21 20:03:30
XRPUSDT,1.4281,1.4283,1.4282173076923073,5.773001508308083E-9,52,2497.0999999999995,1.4283,1.4282,7.598027052010334E-5,2026-04-21T20:02:30.000-06:00,2026-04-21T20:03:30.000-06:00,2026-04-21 20:02:30,2026-04-21 20:03:30
BTCUSDT,76223.91,76236.12,76230.41823223546,16.946970480445977,577,1.8486500000000063,76226.95,76223.91,4.116669828932845,2026-04-21T20:02:30.000-06:00,2026-04-21T20:03:30.000-06:00,2026-04-21 20:02:30,2026-04-21 20:03:30
ETHUSDT,2321.92,2322.24,2322.097683615822,0.00984901009901214,354,28.044200000000025,2322.12,2321.93,0.09924217903196272,2026-04-21T20:02:30.000-06:00,2026-04-21T20:03:30.000-06:00,2026-04-21 20:02:30,2026-04-21 20:03:30
BNBUSDT,632.8,632.84,632.8128985507253,2.2971014492895907E-4,69,3.460999999999996,632.84,632.81,0.015156191636719267,2026-04-21T20:02:30.000-06:00,2026-04-21T20:03:30.000-06:00,2026-04-21 20:02:30,2026-04-21 20:03:30
DOGEUSDT,0.09495,0.09497,0.09495328124999991,2.8745039682614312E-11,64,130799.0,0.09497,0.09495,5.361440075447483E-6,2026-04-21T20:02:30.000-06:00,2026-04-21T20:03:30.000-06:00,2026-04-21 20:02:30,2026-04-21 20:03:30
BTCUSDT,76288.31,76310.0,76301.45493203902,52.3602904134774,515,2.789940000000002,76310.0,76288.31,7.236041073230403,2026-04-21T20:02:30.000-06:00,2026-04-21T20:03:30.000-06:00,2026-04-21 20:02:30,2026-04-21 20:03:30
XRPUSDT,1.4292,1.4294,1.4292720588235275,7.118086040344815E-9,68,1153.7999999999997,1.4294,1.4292,8.436875037799728E-5,2026-04-21T20:02:30.000-06:00,2026-04-21T20:03:30.000-06:00,2026-04-21 20:02:30,2026-04-21 20:03:30
SOLUSDT,86.21,86.22,86.21561643835622,2.4961948249586634E-5,73,59.50799999999996,86.21,86.22,0.004996193375919974,2026-04-21T20:02:30.000-06:00,2026-04-21T20:03:30.000-06:00,2026-04-21 20:02:30,2026-04-21 20:03:30
ADAUSDT,0.249,0.2491,0.24901999999999996,1.9999999999995592E-9,5,128.0,0.249,0.2491,4.472135954999087E-5,2026-04-21T20:02:30.000-06:00,2026-04-21T20:03:30.000-06:00,2026-04-21 20:02:30,2026-04-21 20:03:30
SOLUSDT,86.22,86.23,86.22210526315791,1.7543859649140106E-5,19,3.5269999999999984,86.22,86.22,0.00418853908291902,2026-04-21T20:02:30.000-06:00,2026-04-21T20:03:30.000-06:00,2026-04-21 20:02:30,2026-04-21 20:03:30
ADAUSDT,0.249,0.2491,0.2490083333333334,8.3333333333309E-10,12,23337.799999999996,0.2491,0.249,2.8867513459477074E-5,2026-04-21T20:02:30.000-06:00,2026-04-21T20:03:30.000-06:00,2026-04-21 20:02:30,2026-04-21 20:03:30
BTCUSDT,76288.31,76302.0,76293.6677540107,12.710448025259703,374,1.1670200000000022,76288.31,76302.0,3.565171528167993,2026-04-21T20:02:30.000-06:00,2026-04-21T20:03:30.000-06:00,2026-04-21 20:02:30,2026-04-21 20:03:30
XRPUSDT,1.4291,1.4292,1.42912,1.7777777777721899E-9,10,315.2,1.4292,1.4291,4.216370213551213E-5,2026-04-21T20:02:30.000-06:00,2026-04-21T20:03:30.000-06:00,2026-04-21 20:02:30,2026-04-21 20:03:30
DOGEUSDT,0.09494,0.09494,0.09494000000000001,0.0,7,4210.0,0.09494,0.09494,0.0,2026-04-21T20:02:30.000-06:00,2026-04-21T20:03:30.000-06:00,2026-04-21 20:02:30,2026-04-21 20:03:30
SOLUSDT,86.2,86.26,86.2302232142855,3.017436739263469E-4,224,5664.282000000002,86.26,86.2,0.01737077067738639,2026-04-21T20:02:30.000-06:00,2026-04-21T20:03:30.000-06:00,2026-04-21 20:02:30,2026-04-21 20:03:30
ADAUSDT,0.2491,0.2491,0.2491,0.0,22,21723.3,0.2491,0.2491,0.0,2026-04-21T20:02:30.000-06:00,2026-04-21T20:03:30.000-06:00,2026-04-21 20:02:30,2026-04-21 20:03:30
BNBUSDT,632.84,632.86,632.84693877551,7.585034013603533E-5,49,1.1800000000000002,632.86,632.85,0.008709210075318849,2026-04-21T20:02:30.000-06:00,2026-04-21T20:03:30.000-06:00,2026-04-21 20:02:30,2026-04-21 20:03:30
ETHUSDT,2322.11,2322.14,2322.122830188678,7.068214804326374E-5,53,0.8965,2322.14,2322.11,0.008407267572955183,2026-04-21T20:02:30.000-06:00,2026-04-21T20:03:30.000-06:00,2026-04-21 20:02:30,2026-04-21 20:03:30
AVAXUSDT,9.39,9.39,9.39,,1,81.92,9.39,9.39,,2026-04-21T20:02:30.000-06:00,2026-04-21T20:03:30.000-06:00,2026-04-21 20:02:30,2026-04-21 20:03:30
ETHUSDT,2320.34,2320.46,2320.401145038172,0.0016979095713591597,131,2.1666999999999983,2320.35,2320.46,0.04120569828748397,2026-04-21T20:02:30.000-06:00,2026-04-21T20:03:30.000-06:00,2026-04-21 20:02:30,2026-04-21 20:03:30
BNBUSDT,632.44,632.44,632.44,0.0,2,0.32499999999999996,632.44,632.44,0.0,2026-04-21T20:02:30.000-06:00,2026-04-21T20:03:30.000-06:00,2026-04-21 20:02:30,2026-04-21 20:03:30
BNBUSDT,632.53,632.81,632.6714487632503,0.008120943287474796,283,12.473000000000033,632.81,632.53,0.09011627648474384,2026-04-21T20:02:30.000-06:00,2026-04-21T20:03:30.000-06:00,2026-04-21 20:02:30,2026-04-21 20:03:30
ETHUSDT,2320.22,2321.95,2321.1896702127656,0.283783171208573,940,19.84599999999993,2321.93,2320.22,0.5327130289457664,2026-04-21T20:02:30.000-06:00,2026-04-21T20:03:30.000-06:00,2026-04-21 20:02:30,2026-04-21 20:03:30
BTCUSDT,76289.3,76302.0,76295.74235074634,19.32167123256452,268,2.4258100000000042,76301.99,76289.3,4.395642300342979,2026-04-21T20:02:30.000-06:00,2026-04-21T20:03:30.000-06:00,2026-04-21 20:02:30,2026-04-21 20:03:30
DOGEUSDT,0.09492,0.09494,0.09493259259259267,5.352900069871035E-11,54,83368.0,0.09494,0.09493,7.316351597532089E-6,2026-04-21T20:02:30.000-06:00,2026-04-21T20:03:30.000-06:00,2026-04-21 20:02:30,2026-04-21 20:03:30
XRPUSDT,1.429,1.4291,1.429039393939394,2.462121212128487E-9,33,1794.7,1.4291,1.4291,4.961976634496063E-5,2026-04-21T20:02:30.000-06:00,2026-04-21T20:03:30.000-06:00,2026-04-21 20:02:30,2026-04-21 20:03:30
SOLUSDT,86.26,86.29,86.27709677419367,6.028556319393937E-5,62,141.41099999999997,86.29,86.26,0.0077643778368868275,2026-04-21T20:02:30.000-06:00,2026-04-21T20:03:30.000-06:00,2026-04-21 20:02:30,2026-04-21 20:03:30
ADAUSDT,0.2492,0.2492,0.24920000000000006,0.0,12,40045.100000000006,0.2492,0.2492,0.0,2026-04-21T20:02:30.000-06:00,2026-04-21T20:03:30.000-06:00,2026-04-21 20:02:30,2026-04-21 20:03:30
SOLUSDT,86.3,86.33,86.31509090909093,4.397306397314442E-5,55,105.74500000000002,86.33,86.31,0.006631218890456296,2026-04-21T20:02:30.000-06:00,2026-04-21T20:03:30.000-06:00,2026-04-21 20:02:30,2026-04-21 20:03:30
SOLUSDT,86.28,86.31,86.29056338028164,6.539235412482826E-5,71,51.413999999999994,86.31,86.28,0.008086553909102954,2026-04-21T20:02:30.000-06:00,2026-04-21T20:03:30.000-06:00,2026-04-21 20:02:30,2026-04-21 20:03:30
BNBUSDT,632.44,632.53,632.4855752212396,7.356036662520435E-4,113,6.098999999999998,632.53,632.45,0.02712201442098362,2026-04-21T20:03:00.000-06:00,2026-04-21T20:04:00.000-06:00,2026-04-21 20:03:00,2026-04-21 20:04:00
AVAXUSDT,9.38,9.39,9.38977777777777,2.22222222222214E-6,45,3847.480000000002,9.39,9.39,0.0014907119849998322,2026-04-21T20:03:00.000-06:00,2026-04-21T20:04:00.000-06:00,2026-04-21 20:03:00,2026-04-21 20:04:00
SOLUSDT,86.21,86.22,86.21561643835622,2.4961948249586634E-5,73,59.50799999999996,86.21,86.22,0.004996193375919974,2026-04-21T20:03:00.000-06:00,2026-04-21T20:04:00.000-06:00,2026-04-21 20:03:00,2026-04-21 20:04:00
ETHUSDT,2320.34,2320.46,2320.401145038172,0.0016979095713591597,131,2.1666999999999983,2320.35,2320.46,0.04120569828748397,2026-04-21T20:03:00.000-06:00,2026-04-21T20:04:00.000-06:00,2026-04-21 20:03:00,2026-04-21 20:04:00
DOGEUSDT,0.09487,0.09488,0.094875,3.333333333338459E-11,4,1259.0,0.09488,0.09487,5.773502691900696E-6,2026-04-21T20:03:00.000-06:00,2026-04-21T20:04:00.000-06:00,2026-04-21 20:03:00,2026-04-21 20:04:00
DOGEUSDT,0.09487,0.09493,0.0948990243902439,2.728108756493308E-10,123,148486.0,0.09493,0.09488,1.651698748710947E-5,2026-04-21T20:03:00.000-06:00,2026-04-21T20:04:00.000-06:00,2026-04-21 20:03:00,2026-04-21 20:04:00
ETHUSDT,2320.22,2321.95,2321.1896702127656,0.283783171208573,940,19.84599999999993,2321.93,2320.22,0.5327130289457664,2026-04-21T20:03:00.000-06:00,2026-04-21T20:04:00.000-06:00,2026-04-21 20:03:00,2026-04-21 20:04:00
DOGEUSDT,0.09487,0.09489,0.09488044943820226,6.570480081750288E-11,89,13892.0,0.09489,0.09487,8.105849789966681E-6,2026-04-21T20:03:00.000-06:00,2026-04-21T20:04:00.000-06:00,2026-04-21 20:03:00,2026-04-21 20:04:00
ETHUSDT,2320.22,2320.36,2320.2969680851115,0.002387015018716366,188,2.554399999999996,2320.22,2320.35,0.0488570877019534,2026-04-21T20:03:00.000-06:00,2026-04-21T20:04:00.000-06:00,2026-04-21 20:03:00,2026-04-21 20:04:00
BTCUSDT,76223.9,76237.41,76228.43714673929,12.057885297044031,368,1.6591900000000035,76223.91,76237.4,3.4724465866365795,2026-04-21T20:03:00.000-06:00,2026-04-21T20:04:00.000-06:00,2026-04-21 20:03:00,2026-04-21 20:04:00
XRPUSDT,1.4281,1.4282,1.4281476190476194,2.6190476190488148E-9,21,588.0000000000001,1.4281,1.4282,5.117663157192758E-5,2026-04-21T20:03:00.000-06:00,2026-04-21T20:04:00.000-06:00,2026-04-21 20:03:00,2026-04-21 20:04:00
XRPUSDT,1.4282,1.4283,1.4282153846153847,1.4102564102566561E-9,13,63.10000000000001,1.4282,1.4282,3.755338080994381E-5,2026-04-21T20:03:00.000-06:00,2026-04-21T20:04:00.000-06:00,2026-04-21 20:03:00,2026-04-21 20:04:00
BTCUSDT,76237.41,76239.73,76238.4892307692,1.14404051280316,91,0.58555,76237.41,76239.73,1.0695982950636935,2026-04-21T20:03:00.000-06:00,2026-04-21T20:04:00.000-06:00,2026-04-21 20:03:00,2026-04-21 20:04:00
XRPUSDT,1.4281,1.4283,1.4282173076923073,5.773001508308083E-9,52,2497.0999999999995,1.4283,1.4282,7.598027052010334E-5,2026-04-21T20:03:00.000-06:00,2026-04-21T20:04:00.000-06:00,2026-04-21 20:03:00,2026-04-21 20:04:00
BTCUSDT,76223.91,76236.12,76230.41823223546,16.946970480445977,577,1.8486500000000063,76226.95,76223.91,4.116669828932845,2026-04-21T20:03:00.000-06:00,2026-04-21T20:04:00.000-06:00,2026-04-21 20:03:00,2026-04-21 20:04:00
BTCUSDT,76223.9,76231.28,76228.90515384615,7.262271681561063,130,0.36586000000000135,76231.28,76223.9,2.6948602341422205,2026-04-21T20:03:00.000-06:00,2026-04-21T20:04:00.000-06:00,2026-04-21 20:03:00,2026-04-21 20:04:00
XRPUSDT,1.4281,1.4282,1.4281399999999997,2.9999999999997092E-9,5,181.3,1.4282,1.4281,5.477225575051396E-5,2026-04-21T20:03:00.000-06:00,2026-04-21T20:04:00.000-06:00,2026-04-21 20:03:00,2026-04-21 20:04:00
BTCUSDT,76223.9,76231.28,76226.42062222226,5.215572825214383,225,0.4544099999999999,76223.9,76231.27,2.283762865363736,2026-04-21T20:03:00.000-06:00,2026-04-21T20:04:00.000-06:00,2026-04-21 20:03:00,2026-04-21 20:04:00
XRPUSDT,1.4281,1.4281,1.4281000000000001,0.0,8,47.5,1.4281,1.4281,0.0,2026-04-21T20:03:00.000-06:00,2026-04-21T20:04:00.000-06:00,2026-04-21 20:03:00,2026-04-21 20:04:00
XRPUSDT,1.4283,1.429,1.4286356164383618,4.3826169107205005E-8,146,14270.800000000001,1.429,1.4283,2.0934700644433636E-4,2026-04-21T20:03:00.000-06:00,2026-04-21T20:04:00.000-06:00,2026-04-21 20:03:00,2026-04-21 20:04:00
BTCUSDT,76226.96,76289.31,76262.41726825776,417.5635633659208,1424,2.669870000000005,76289.31,76226.96,20.43437210598654,2026-04-21T20:03:00.000-06:00,2026-04-21T20:04:00.000-06:00,2026-04-21 20:03:00,2026-04-21 20:04:00
SOLUSDT,86.22,86.23,86.22210526315791,1.7543859649140106E-5,19,3.5269999999999984,86.22,86.22,0.00418853908291902,2026-04-21T20:03:00.000-06:00,2026-04-21T20:04:00.000-06:00,2026-04-21 20:03:00,2026-04-21 20:04:00
AVAXUSDT,9.39,9.39,9.39,,1,81.92,9.39,9.39,,2026-04-21T20:03:00.000-06:00,2026-04-21T20:04:00.000-06:00,2026-04-21 20:03:00,2026-04-21 20:04:00
BNBUSDT,632.44,632.44,632.44,0.0,2,0.32499999999999996,632.44,632.44,0.0,2026-04-21T20:03:00.000-06:00,2026-04-21T20:04:00.000-06:00,2026-04-21 20:03:00,2026-04-21 20:04:00
SOLUSDT,86.22,86.24,86.22999999999985,5.555555555557554E-6,73,304.35100000000006,86.22,86.24,0.0023570226039555824,2026-04-21T20:03:00.000-06:00,2026-04-21T20:04:00.000-06:00,2026-04-21 20:03:00,2026-04-21 20:04:00
BNBUSDT,632.44,632.45,632.4431818181821,2.2727272727238472E-5,22,2.8899999999999997,632.45,632.44,0.004767312946224369,2026-04-21T20:03:00.000-06:00,2026-04-21T20:04:00.000-06:00,2026-04-21 20:03:00,2026-04-21 20:04:00
AVAXUSDT,9.4,9.4,9.4,,1,0.7,9.4,9.4,,2026-04-21T20:03:00.000-06:00,2026-04-21T20:04:00.000-06:00,2026-04-21 20:03:00,2026-04-21 20:04:00
ETHUSDT,2320.75,2320.75,2320.75,0.0,2,0.0025,2320.75,2320.75,0.0,2026-04-21T20:03:00.000-06:00,2026-04-21T20:04:00.000-06:00,2026-04-21 20:03:00,2026-04-21 20:04:00
BNBUSDT,632.56,632.59,632.570425531915,1.6938020351503047E-4,47,0.9930000000000001,632.56,632.58,0.013014614996803803,2026-04-21T20:03:00.000-06:00,2026-04-21T20:04:00.000-06:00,2026-04-21 20:03:00,2026-04-21 20:04:00
SOLUSDT,86.24,86.25,86.24066666666663,6.4367816092038804E-6,30,3.2910000000000004,86.24,86.25,0.002537081317026295,2026-04-21T20:03:00.000-06:00,2026-04-21T20:04:00.000-06:00,2026-04-21 20:03:00,2026-04-21 20:04:00
BNBUSDT,632.53,632.81,632.6714487632503,0.008120943287474796,283,12.473000000000033,632.81,632.53,0.09011627648474384,2026-04-21T20:03:00.000-06:00,2026-04-21T20:04:00.000-06:00,2026-04-21 20:03:00,2026-04-21 20:04:00
SOLUSDT,86.2,86.26,86.2302232142855,3.017436739263469E-4,224,5664.282000000002,86.26,86.2,0.01737077067738639,2026-04-21T20:03:00.000-06:00,2026-04-21T20:04:00.000-06:00,2026-04-21 20:03:00,2026-04-21 20:04:00
BNBUSDT,632.59,632.59,632.59,,1,0.328,632.59,632.59,,2026-04-21T20:03:00.000-06:00,2026-04-21T20:04:00.000-06:00,2026-04-21 20:03:00,2026-04-21 20:04:00
ADAUSDT,0.249,0.2491,0.24901428571428577,1.3186813186808592E-9,14,12617.1,0.249,0.2491,3.631365196012182E-5,2026-04-21T20:03:00.000-06:00,2026-04-21T20:04:00.000-06:00,2026-04-21 20:03:00,2026-04-21 20:04:00
DOGEUSDT,0.09488,0.0949,0.09489243902439022,4.390243902432231E-11,41,30626.0,0.09489,0.0949,6.6258915644856665E-6,2026-04-21T20:03:00.000-06:00,2026-04-21T20:04:00.000-06:00,2026-04-21 20:03:00,2026-04-21 20:04:00
ETHUSDT,2320.25,2320.75,2320.4852522255164,0.026207748692979593,337,7.45510000000004,2320.28,2320.74,0.1618880745854357,2026-04-21T20:03:00.000-06:00,2026-04-21T20:04:00.000-06:00,2026-04-21 20:03:00,2026-04-21 20:04:00
DOGEUSDT,0.0949,0.09491,0.094902,1.999999999998449E-11,5,17090.0,0.0949,0.09491,4.472135954997845E-6,2026-04-21T20:03:00.000-06:00,2026-04-21T20:04:00.000-06:00,2026-04-21 20:03:00,2026-04-21 20:04:00
ETHUSDT,2320.74,2320.75,2320.7464999999993,2.394736842047105E-5,20,1.6693999999999996,2320.74,2320.74,0.004893604849236507,2026-04-21T20:03:00.000-06:00,2026-04-21T20:04:00.000-06:00,2026-04-21 20:03:00,2026-04-21 20:04:00
ETHUSDT,2320.3,2320.46,2320.3869402985088,0.0031898159577834245,134,0.7456999999999978,2320.45,2320.3,0.056478455695808685,2026-04-21T20:03:00.000-06:00,2026-04-21T20:04:00.000-06:00,2026-04-21 20:03:00,2026-04-21 20:04:00
DOGEUSDT,0.09488,0.09489,0.09488055555555558,5.555555555551248E-12,18,1787.0,0.09488,0.09489,2.357022603954245E-6,2026-04-21T20:03:00.000-06:00,2026-04-21T20:04:00.000-06:00,2026-04-21 20:03:00,2026-04-21 20:04:00
BNBUSDT,632.44,632.55,632.4850505050508,9.783137497599865E-4,99,13.72699999999999,632.45,632.55,0.03127800744548774,2026-04-21T20:03:00.000-06:00,2026-04-21T20:04:00.000-06:00,2026-04-21 20:03:00,2026-04-21 20:04:00
SOLUSDT,86.23,86.23,86.23,,1,2.198,86.23,86.23,,2026-04-21T20:03:00.000-06:00,2026-04-21T20:04:00.000-06:00,2026-04-21 20:03:00,2026-04-21 20:04:00
ADAUSDT,0.249,0.249,0.249,,1,24.0,0.249,0.249,,2026-04-21T20:03:00.000-06:00,2026-04-21T20:04:00.000-06:00,2026-04-21 20:03:00,2026-04-21 20:04:00
ADAUSDT,0.249,0.2491,0.24901999999999996,1.9999999999995592E-9,5,128.0,0.249,0.2491,4.472135954999087E-5,2026-04-21T20:03:00.000-06:00,2026-04-21T20:04:00.000-06:00,2026-04-21 20:03:00,2026-04-21 20:04:00
ADAUSDT,0.249,0.2491,0.2490083333333334,8.3333333333309E-10,12,23337.799999999996,0.2491,0.249,2.8867513459477074E-5,2026-04-21T20:03:00.000-06:00,2026-04-21T20:04:00.000-06:00,2026-04-21 20:03:00,2026-04-21 20:04:00
ADAUSDT,0.2491,0.2491,0.2491,0.0,22,21723.3,0.2491,0.2491,0.0,2026-04-21T20:03:00.000-06:00,2026-04-21T20:04:00.000-06:00,2026-04-21 20:03:00,2026-04-21 20:04:00
BTCUSDT,76269.64,76273.12,76271.75634146339,2.63911683332768,123,0.3948799999999999,76269.64,76273.12,1.6245358824377134,2026-04-21T20:03:30.000-06:00,2026-04-21T20:04:30.000-06:00,2026-04-21 20:03:30,2026-04-21 20:04:30
SOLUSDT,86.28,86.28,86.27999999999999,0.0,18,4.817,86.28,86.28,0.0,2026-04-21T20:03:30.000-06:00,2026-04-21T20:04:30.000-06:00,2026-04-21 20:03:30,2026-04-21 20:04:30
BNBUSDT,632.73,632.85,632.7804347826085,0.0012630434782500072,69,7.727000000000004,632.73,632.85,0.03553932298525124,2026-04-21T20:03:30.000-06:00,2026-04-21T20:04:30.000-06:00,2026-04-21 20:03:30,2026-04-21 20:04:30
AVAXUSDT,9.4,9.4,9.400000000000002,0.0,12,79.73,9.4,9.4,0.0,2026-04-21T20:03:30.000-06:00,2026-04-21T20:04:30.000-06:00,2026-04-21 20:03:30,2026-04-21 20:04:30
ETHUSDT,2321.45,2321.76,2321.666603174599,0.00924415731482953,315,5.594499999999996,2321.45,2321.73,0.0961465408365248,2026-04-21T20:03:30.000-06:00,2026-04-21T20:04:30.000-06:00,2026-04-21 20:03:30,2026-04-21 20:04:30
DOGEUSDT,0.09494,0.09495,0.09494076923076925,7.692307692323845E-12,13,346.0,0.09494,0.09494,2.7735009811290576E-6,2026-04-21T20:03:30.000-06:00,2026-04-21T20:04:30.000-06:00,2026-04-21 20:03:30,2026-04-21 20:04:30
DOGEUSDT,0.09488,0.0949,0.09489243902439022,4.390243902432231E-11,41,30626.0,0.09489,0.0949,6.6258915644856665E-6,2026-04-21T20:03:30.000-06:00,2026-04-21T20:04:30.000-06:00,2026-04-21 20:03:30,2026-04-21 20:04:30
ETHUSDT,2320.25,2320.75,2320.4852522255164,0.026207748692979593,337,7.45510000000004,2320.28,2320.74,0.1618880745854357,2026-04-21T20:03:30.000-06:00,2026-04-21T20:04:30.000-06:00,2026-04-21 20:03:30,2026-04-21 20:04:30
DOGEUSDT,0.0949,0.09491,0.094902,1.999999999998449E-11,5,17090.0,0.0949,0.09491,4.472135954997845E-6,2026-04-21T20:03:30.000-06:00,2026-04-21T20:04:30.000-06:00,2026-04-21 20:03:30,2026-04-21 20:04:30
ETHUSDT,2320.74,2320.75,2320.7464999999993,2.394736842047105E-5,20,1.6693999999999996,2320.74,2320.74,0.004893604849236507,2026-04-21T20:03:30.000-06:00,2026-04-21T20:04:30.000-06:00,2026-04-21 20:03:30,2026-04-21 20:04:30
ETHUSDT,2320.3,2320.46,2320.3869402985088,0.0031898159577834245,134,0.7456999999999978,2320.45,2320.3,0.056478455695808685,2026-04-21T20:03:30.000-06:00,2026-04-21T20:04:30.000-06:00,2026-04-21 20:03:30,2026-04-21 20:04:30
DOGEUSDT,0.09488,0.09489,0.09488055555555558,5.555555555551248E-12,18,1787.0,0.09488,0.09489,2.357022603954245E-6,2026-04-21T20:03:30.000-06:00,2026-04-21T20:04:30.000-06:00,2026-04-21 20:03:30,2026-04-21 20:04:30
BTCUSDT,76223.9,76231.28,76228.90515384615,7.262271681561063,130,0.36586000000000135,76231.28,76223.9,2.6948602341422205,2026-04-21T20:03:30.000-06:00,2026-04-21T20:04:30.000-06:00,2026-04-21 20:03:30,2026-04-21 20:04:30
SOLUSDT,86.22,86.24,86.22999999999985,5.555555555557554E-6,73,304.35100000000006,86.22,86.24,0.0023570226039555824,2026-04-21T20:03:30.000-06:00,2026-04-21T20:04:30.000-06:00,2026-04-21 20:03:30,2026-04-21 20:04:30
BNBUSDT,632.44,632.45,632.4431818181821,2.2727272727238472E-5,22,2.8899999999999997,632.45,632.44,0.004767312946224369,2026-04-21T20:03:30.000-06:00,2026-04-21T20:04:30.000-06:00,2026-04-21 20:03:30,2026-04-21 20:04:30
AVAXUSDT,9.4,9.4,9.4,,1,0.7,9.4,9.4,,2026-04-21T20:03:30.000-06:00,2026-04-21T20:04:30.000-06:00,2026-04-21 20:03:30,2026-04-21 20:04:30
XRPUSDT,1.4275,1.4283,1.4278140211640225,3.744214278696829E-8,378,94929.8000000002,1.4282,1.4279,1.9349972296354404E-4,2026-04-21T20:03:30.000-06:00,2026-04-21T20:04:30.000-06:00,2026-04-21 20:03:30,2026-04-21 20:04:30
BTCUSDT,76237.41,76239.73,76238.4892307692,1.14404051280316,91,0.58555,76237.41,76239.73,1.0695982950636935,2026-04-21T20:03:30.000-06:00,2026-04-21T20:04:30.000-06:00,2026-04-21 20:03:30,2026-04-21 20:04:30
BNBUSDT,632.56,632.59,632.570425531915,1.6938020351503047E-4,47,0.9930000000000001,632.56,632.58,0.013014614996803803,2026-04-21T20:03:30.000-06:00,2026-04-21T20:04:30.000-06:00,2026-04-21 20:03:30,2026-04-21 20:04:30
SOLUSDT,86.24,86.25,86.24066666666663,6.4367816092038804E-6,30,3.2910000000000004,86.24,86.25,0.002537081317026295,2026-04-21T20:03:30.000-06:00,2026-04-21T20:04:30.000-06:00,2026-04-21 20:03:30,2026-04-21 20:04:30
XRPUSDT,1.4279,1.4281,1.4280203703703696,2.4074074074179966E-9,54,16923.8,1.4279,1.4281,4.906533814637373E-5,2026-04-21T20:03:30.000-06:00,2026-04-21T20:04:30.000-06:00,2026-04-21 20:03:30,2026-04-21 20:04:30
XRPUSDT,1.428,1.4281,1.4280333333333333,2.6666666666665235E-9,6,1499.3,1.4281,1.428,5.163977794943084E-5,2026-04-21T20:03:30.000-06:00,2026-04-21T20:04:30.000-06:00,2026-04-21 20:03:30,2026-04-21 20:04:30
BNBUSDT,632.59,632.74,632.6404081632654,0.0016946770460837192,98,6.1910000000000105,632.59,632.74,0.041166455350002136,2026-04-21T20:03:30.000-06:00,2026-04-21T20:04:30.000-06:00,2026-04-21 20:03:30,2026-04-21 20:04:30
BTCUSDT,76239.72,76269.65,76251.77556935823,100.694666221196,483,4.431640000000003,76239.73,76269.65,10.034673199521547,2026-04-21T20:03:30.000-06:00,2026-04-21T20:04:30.000-06:00,2026-04-21 20:03:30,2026-04-21 20:04:30
SOLUSDT,86.25,86.28,86.26116883116899,9.730006835289246E-5,77,100.27999999999999,86.25,86.28,0.0098640797012642,2026-04-21T20:03:30.000-06:00,2026-04-21T20:04:30.000-06:00,2026-04-21 20:03:30,2026-04-21 20:04:30
ADAUSDT,0.249,0.2491,0.24901428571428577,1.3186813186808592E-9,14,12617.1,0.249,0.2491,3.631365196012182E-5,2026-04-21T20:03:30.000-06:00,2026-04-21T20:04:30.000-06:00,2026-04-21 20:03:30,2026-04-21 20:04:30
ETHUSDT,2320.74,2321.46,2321.088333333336,0.05608356862723831,426,10.14140000000003,2320.75,2321.45,0.23681969645119957,2026-04-21T20:03:30.000-06:00,2026-04-21T20:04:30.000-06:00,2026-04-21 20:03:30,2026-04-21 20:04:30
DOGEUSDT,0.09491,0.09493,0.09491854545454545,5.710437710439663E-11,55,43341.0,0.09491,0.09493,7.55674381624762E-6,2026-04-21T20:03:30.000-06:00,2026-04-21T20:04:30.000-06:00,2026-04-21 20:03:30,2026-04-21 20:04:30
SOLUSDT,86.27,86.28,86.2775,2.5000000000001895E-5,4,7.203,86.28,86.28,0.005000000000000189,2026-04-21T20:03:30.000-06:00,2026-04-21T20:04:30.000-06:00,2026-04-21 20:03:30,2026-04-21 20:04:30
BTCUSDT,76273.11,76273.12,76273.11410256411,2.4831308991954778E-5,39,0.33851000000000003,76273.12,76273.11,0.004983102346124829,2026-04-21T20:03:30.000-06:00,2026-04-21T20:04:30.000-06:00,2026-04-21 20:03:30,2026-04-21 20:04:30
BNBUSDT,632.85,632.85,632.85,,1,0.023,632.85,632.85,,2026-04-21T20:03:30.000-06:00,2026-04-21T20:04:30.000-06:00,2026-04-21 20:03:30,2026-04-21 20:04:30
XRPUSDT,1.4281,1.4282,1.4281476190476194,2.6190476190488148E-9,21,588.0000000000001,1.4281,1.4282,5.117663157192758E-5,2026-04-21T20:03:30.000-06:00,2026-04-21T20:04:30.000-06:00,2026-04-21 20:03:30,2026-04-21 20:04:30
XRPUSDT,1.4282,1.4283,1.4282153846153847,1.4102564102566561E-9,13,63.10000000000001,1.4282,1.4282,3.755338080994381E-5,2026-04-21T20:03:30.000-06:00,2026-04-21T20:04:30.000-06:00,2026-04-21 20:03:30,2026-04-21 20:04:30
XRPUSDT,1.4281,1.4282,1.4281399999999997,2.9999999999997092E-9,5,181.3,1.4282,1.4281,5.477225575051396E-5,2026-04-21T20:03:30.000-06:00,2026-04-21T20:04:30.000-06:00,2026-04-21 20:03:30,2026-04-21 20:04:30
ADAUSDT,0.2489,0.249,0.24899230769230776,7.692307692305604E-10,13,7969.800000000001,0.249,0.249,2.773500981125769E-5,2026-04-21T20:03:30.000-06:00,2026-04-21T20:04:30.000-06:00,2026-04-21 20:03:30,2026-04-21 20:04:30
BTCUSDT,76223.9,76237.41,76228.43714673929,12.057885297044031,368,1.6591900000000035,76223.91,76237.4,3.4724465866365795,2026-04-21T20:03:30.000-06:00,2026-04-21T20:04:30.000-06:00,2026-04-21 20:03:30,2026-04-21 20:04:30
BNBUSDT,632.44,632.55,632.4850505050508,9.783137497599865E-4,99,13.72699999999999,632.45,632.55,0.03127800744548774,2026-04-21T20:03:30.000-06:00,2026-04-21T20:04:30.000-06:00,2026-04-21 20:03:30,2026-04-21 20:04:30
SOLUSDT,86.23,86.23,86.23,,1,2.198,86.23,86.23,,2026-04-21T20:03:30.000-06:00,2026-04-21T20:04:30.000-06:00,2026-04-21 20:03:30,2026-04-21 20:04:30
ADAUSDT,0.2491,0.2492,0.24911111111111106,1.1111111111114833E-9,9,2904.9,0.2491,0.2492,3.333333333333892E-5,2026-04-21T20:03:30.000-06:00,2026-04-21T20:04:30.000-06:00,2026-04-21 20:03:30,2026-04-21 20:04:30
ETHUSDT,2321.49,2321.74,2321.6009302325615,0.007442121278068765,215,6.557400000000001,2321.73,2321.49,0.08626773022439367,2026-04-21T20:03:30.000-06:00,2026-04-21T20:04:30.000-06:00,2026-04-21 20:03:30,2026-04-21 20:04:30
DOGEUSDT,0.09495,0.09495,0.09494999999999999,0.0,7,175.0,0.09495,0.09495,0.0,2026-04-21T20:03:30.000-06:00,2026-04-21T20:04:30.000-06:00,2026-04-21 20:03:30,2026-04-21 20:04:30
ADAUSDT,0.249,0.249,0.249,,1,24.0,0.249,0.249,,2026-04-21T20:03:30.000-06:00,2026-04-21T20:04:30.000-06:00,2026-04-21 20:03:30,2026-04-21 20:04:30
DOGEUSDT,0.09494,0.09495,0.09494076923076925,7.692307692323845E-12,13,346.0,0.09494,0.09494,2.7735009811290576E-6,2026-04-21T20:04:00.000-06:00,2026-04-21T20:05:00.000-06:00,2026-04-21 20:04:00,2026-04-21 20:05:00
AVAXUSDT,9.4,9.4,9.400000000000002,0.0,12,79.73,9.4,9.4,0.0,2026-04-21T20:04:00.000-06:00,2026-04-21T20:05:00.000-06:00,2026-04-21 20:04:00,2026-04-21 20:05:00
BTCUSDT,76269.64,76273.12,76271.75634146339,2.63911683332768,123,0.3948799999999999,76269.64,76273.12,1.6245358824377134,2026-04-21T20:04:00.000-06:00,2026-04-21T20:05:00.000-06:00,2026-04-21 20:04:00,2026-04-21 20:05:00
ADAUSDT,0.2491,0.2492,0.24911111111111106,1.1111111111114833E-9,9,2904.9,0.2491,0.2492,3.333333333333892E-5,2026-04-21T20:04:00.000-06:00,2026-04-21T20:05:00.000-06:00,2026-04-21 20:04:00,2026-04-21 20:05:00
XRPUSDT,1.4275,1.4283,1.4278140211640225,3.744214278696829E-8,378,94929.8000000002,1.4282,1.4279,1.9349972296354404E-4,2026-04-21T20:04:00.000-06:00,2026-04-21T20:05:00.000-06:00,2026-04-21 20:04:00,2026-04-21 20:05:00
BNBUSDT,632.59,632.74,632.6409278350516,0.0016855884879795528,97,5.86300000000001,632.59,632.74,0.04105591903708347,2026-04-21T20:04:00.000-06:00,2026-04-21T20:05:00.000-06:00,2026-04-21 20:04:00,2026-04-21 20:05:00
DOGEUSDT,0.09497,0.09497,0.09497,0.0,7,186.0,0.09497,0.09497,0.0,2026-04-21T20:04:00.000-06:00,2026-04-21T20:05:00.000-06:00,2026-04-21 20:04:00,2026-04-21 20:05:00
XRPUSDT,1.428,1.4282,1.4281000000000004,8.333333333323019E-10,25,5514.100000000002,1.428,1.4281,2.8867513459463424E-5,2026-04-21T20:04:00.000-06:00,2026-04-21T20:05:00.000-06:00,2026-04-21 20:04:00,2026-04-21 20:05:00
BNBUSDT,632.84,632.94,632.8777358490565,9.87082728588081E-4,53,2.6800000000000006,632.85,632.93,0.0314178727572075,2026-04-21T20:04:00.000-06:00,2026-04-21T20:05:00.000-06:00,2026-04-21 20:04:00,2026-04-21 20:05:00
BNBUSDT,632.84,632.85,632.8433333333334,3.33333333332727E-5,3,1.0419999999999998,632.84,632.85,0.005773502691891007,2026-04-21T20:04:00.000-06:00,2026-04-21T20:05:00.000-06:00,2026-04-21 20:04:00,2026-04-21 20:05:00
XRPUSDT,1.4281,1.4281,1.4281000000000001,0.0,7,2652.1000000000004,1.4281,1.4281,0.0,2026-04-21T20:04:00.000-06:00,2026-04-21T20:05:00.000-06:00,2026-04-21 20:04:00,2026-04-21 20:05:00
XRPUSDT,1.4279,1.4281,1.4280203703703696,2.4074074074179966E-9,54,16923.8,1.4279,1.4281,4.906533814637373E-5,2026-04-21T20:04:00.000-06:00,2026-04-21T20:05:00.000-06:00,2026-04-21 20:04:00,2026-04-21 20:05:00
BNBUSDT,632.73,632.85,632.7804347826085,0.0012630434782500072,69,7.727000000000004,632.73,632.85,0.03553932298525124,2026-04-21T20:04:00.000-06:00,2026-04-21T20:05:00.000-06:00,2026-04-21 20:04:00,2026-04-21 20:05:00
XRPUSDT,1.428,1.4281,1.4280333333333333,2.6666666666665235E-9,6,1499.3,1.4281,1.428,5.163977794943084E-5,2026-04-21T20:04:00.000-06:00,2026-04-21T20:05:00.000-06:00,2026-04-21 20:04:00,2026-04-21 20:05:00
BNBUSDT,632.85,632.85,632.85,,1,0.023,632.85,632.85,,2026-04-21T20:04:00.000-06:00,2026-04-21T20:05:00.000-06:00,2026-04-21 20:04:00,2026-04-21 20:05:00
DOGEUSDT,0.09491,0.09493,0.09491854545454545,5.710437710439663E-11,55,43341.0,0.09491,0.09493,7.55674381624762E-6,2026-04-21T20:04:00.000-06:00,2026-04-21T20:05:00.000-06:00,2026-04-21 20:04:00,2026-04-21 20:05:00
BTCUSDT,76239.72,76269.65,76251.77556935823,100.694666221196,483,4.431640000000003,76239.73,76269.65,10.034673199521547,2026-04-21T20:04:00.000-06:00,2026-04-21T20:05:00.000-06:00,2026-04-21 20:04:00,2026-04-21 20:05:00
ADAUSDT,0.2489,0.249,0.24899230769230776,7.692307692305604E-10,13,7969.800000000001,0.249,0.249,2.773500981125769E-5,2026-04-21T20:04:00.000-06:00,2026-04-21T20:05:00.000-06:00,2026-04-21 20:04:00,2026-04-21 20:05:00
DOGEUSDT,0.09495,0.09495,0.09494999999999999,0.0,7,175.0,0.09495,0.09495,0.0,2026-04-21T20:04:00.000-06:00,2026-04-21T20:05:00.000-06:00,2026-04-21 20:04:00,2026-04-21 20:05:00
ETHUSDT,2321.49,2321.74,2321.6009302325615,0.007442121278068765,215,6.557400000000001,2321.73,2321.49,0.08626773022439367,2026-04-21T20:04:00.000-06:00,2026-04-21T20:05:00.000-06:00,2026-04-21 20:04:00,2026-04-21 20:05:00
SOLUSDT,86.27,86.28,86.2775,2.5000000000001895E-5,4,7.203,86.28,86.28,0.005000000000000189,2026-04-21T20:04:00.000-06:00,2026-04-21T20:05:00.000-06:00,2026-04-21 20:04:00,2026-04-21 20:05:00
ETHUSDT,2321.38,2321.98,2321.7167708333313,0.030313926393512776,288,8.927700000000016,2321.38,2321.97,0.1741089497800523,2026-04-21T20:04:00.000-06:00,2026-04-21T20:05:00.000-06:00,2026-04-21 20:04:00,2026-04-21 20:05:00
SOLUSDT,86.28,86.3,86.28859649122808,4.442355889705486E-5,57,5.804,86.28,86.3,0.0066651000665447525,2026-04-21T20:04:00.000-06:00,2026-04-21T20:05:00.000-06:00,2026-04-21 20:04:00,2026-04-21 20:05:00
ETHUSDT,2321.96,2321.98,2321.9653260869554,3.6156235067730855E-5,92,4.294699999999999,2321.98,2321.97,0.006013005493738622,2026-04-21T20:04:00.000-06:00,2026-04-21T20:05:00.000-06:00,2026-04-21 20:04:00,2026-04-21 20:05:00
SOLUSDT,86.29,86.3,86.295,2.99999999999568E-5,6,15.9,86.3,86.3,0.005477225575047717,2026-04-21T20:04:00.000-06:00,2026-04-21T20:05:00.000-06:00,2026-04-21 20:04:00,2026-04-21 20:05:00
ETHUSDT,2320.74,2321.46,2321.0899292452855,0.05580495952031921,424,10.138900000000028,2320.75,2321.45,0.2362307336489459,2026-04-21T20:04:00.000-06:00,2026-04-21T20:05:00.000-06:00,2026-04-21 20:04:00,2026-04-21 20:05:00
SOLUSDT,86.25,86.28,86.26116883116899,9.730006835289246E-5,77,100.27999999999999,86.25,86.28,0.0098640797012642,2026-04-21T20:04:00.000-06:00,2026-04-21T20:05:00.000-06:00,2026-04-21 20:04:00,2026-04-21 20:05:00
DOGEUSDT,0.09496,0.09496,0.09496000000000002,0.0,11,412.0,0.09496,0.09496,0.0,2026-04-21T20:04:00.000-06:00,2026-04-21T20:05:00.000-06:00,2026-04-21 20:04:00,2026-04-21 20:05:00
DOGEUSDT,0.09498,0.09498,0.09497999999999998,0.0,10,2234.0,0.09498,0.09498,0.0,2026-04-21T20:04:00.000-06:00,2026-04-21T20:05:00.000-06:00,2026-04-21 20:04:00,2026-04-21 20:05:00
XRPUSDT,1.4281,1.4281,1.4281,,1,502.9,1.4281,1.4281,,2026-04-21T20:04:00.000-06:00,2026-04-21T20:05:00.000-06:00,2026-04-21 20:04:00,2026-04-21 20:05:00
BNBUSDT,632.87,632.94,632.914565217392,4.162329419252881E-4,138,5.70800000000001,632.94,632.87,0.02040178771395507,2026-04-21T20:04:00.000-06:00,2026-04-21T20:05:00.000-06:00,2026-04-21 20:04:00,2026-04-21 20:05:00
ETHUSDT,2321.45,2321.76,2321.666603174599,0.00924415731482953,315,5.594499999999996,2321.45,2321.73,0.0961465408365248,2026-04-21T20:04:00.000-06:00,2026-04-21T20:05:00.000-06:00,2026-04-21 20:04:00,2026-04-21 20:05:00
SOLUSDT,86.28,86.28,86.27999999999999,0.0,18,4.817,86.28,86.28,0.0,2026-04-21T20:04:00.000-06:00,2026-04-21T20:05:00.000-06:00,2026-04-21 20:04:00,2026-04-21 20:05:00
SOLUSDT,86.27,86.28,86.27799999999999,1.9999999999999148E-5,5,34.013,86.27,86.28,0.004472135954999484,2026-04-21T20:04:00.000-06:00,2026-04-21T20:05:00.000-06:00,2026-04-21 20:04:00,2026-04-21 20:05:00
ETHUSDT,2321.34,2321.5,2321.403371428574,0.0027833957307610287,175,12.872400000000008,2321.5,2321.39,0.05275789733074119,2026-04-21T20:04:00.000-06:00,2026-04-21T20:05:00.000-06:00,2026-04-21 20:04:00,2026-04-21 20:05:00
BTCUSDT,76273.11,76273.12,76273.11410256411,2.4831308991954778E-5,39,0.33851000000000003,76273.12,76273.11,0.004983102346124829,2026-04-21T20:04:00.000-06:00,2026-04-21T20:05:00.000-06:00,2026-04-21 20:04:00,2026-04-21 20:05:00
BTCUSDT,76290.96,76290.97,76290.96499999998,2.5999999973215516E-5,26,0.5430400000000001,76290.97,76290.96,0.00509901951096635,2026-04-21T20:04:00.000-06:00,2026-04-21T20:05:00.000-06:00,2026-04-21 20:04:00,2026-04-21 20:05:00
BTCUSDT,76273.11,76273.12,76273.11508771933,2.5438596530010155E-5,57,0.7206500000000002,76273.11,76273.11,0.005043668955235876,2026-04-21T20:04:00.000-06:00,2026-04-21T20:05:00.000-06:00,2026-04-21 20:04:00,2026-04-21 20:05:00
BTCUSDT,76273.11,76290.97,76281.10326589584,40.454339158128356,346,1.889370000000003,76273.12,76290.96,6.360372564412273,2026-04-21T20:04:00.000-06:00,2026-04-21T20:05:00.000-06:00,2026-04-21 20:04:00,2026-04-21 20:05:00
SOLUSDT,86.29,86.32,86.30666666666669,6.327683615799364E-5,60,71.89699999999996,86.32,86.29,0.007954673856167433,2026-04-21T20:04:30.000-06:00,2026-04-21T20:05:30.000-06:00,2026-04-21 20:04:30,2026-04-21 20:05:30
DOGEUSDT,0.09498,0.09501,0.09499658536585372,4.304878048776539E-11,41,1578.0,0.095,0.09499,6.561156947350474E-6,2026-04-21T20:04:30.000-06:00,2026-04-21T20:05:30.000-06:00,2026-04-21 20:04:30,2026-04-21 20:05:30
XRPUSDT,1.4277,1.4282,1.427968292682926,1.8735320686509723E-8,82,23026.099999999995,1.4282,1.4277,1.3687702760693528E-4,2026-04-21T20:04:30.000-06:00,2026-04-21T20:05:30.000-06:00,2026-04-21 20:04:30,2026-04-21 20:05:30
BNBUSDT,632.79,632.88,632.8349230769232,0.001113559928457092,130,13.590000000000023,632.88,632.79,0.03337004537691089,2026-04-21T20:04:30.000-06:00,2026-04-21T20:05:30.000-06:00,2026-04-21 20:04:30,2026-04-21 20:05:30
ETHUSDT,2321.46,2321.94,2321.7161111111127,0.02689938080487475,324,8.81120000000003,2321.94,2321.46,0.1640103070080498,2026-04-21T20:04:30.000-06:00,2026-04-21T20:05:30.000-06:00,2026-04-21 20:04:30,2026-04-21 20:05:30
ADAUSDT,0.2492,0.2493,0.24921666666666667,1.6666666666662626E-9,6,2691.2999999999997,0.2493,0.2492,4.082482904638135E-5,2026-04-21T20:04:30.000-06:00,2026-04-21T20:05:30.000-06:00,2026-04-21 20:04:30,2026-04-21 20:05:30
DOGEUSDT,0.09497,0.09498,0.09497888888888888,1.1111111111102495E-11,9,3065.0,0.09498,0.09497,3.3333333333320408E-6,2026-04-21T20:04:30.000-06:00,2026-04-21T20:05:30.000-06:00,2026-04-21 20:04:30,2026-04-21 20:05:30
SOLUSDT,86.29,86.3,86.29863636363633,1.2337662337643321E-5,22,22.97200000000001,86.29,86.3,0.0035125008665683375,2026-04-21T20:04:30.000-06:00,2026-04-21T20:05:30.000-06:00,2026-04-21 20:04:30,2026-04-21 20:05:30
XRPUSDT,1.4281,1.4282,1.4281249999999999,2.5000000000019166E-9,4,340.5,1.4282,1.4281,5.0000000000019166E-5,2026-04-21T20:04:30.000-06:00,2026-04-21T20:05:30.000-06:00,2026-04-21 20:04:30,2026-04-21 20:05:30
ETHUSDT,2321.93,2321.97,2321.9536458333346,1.9814692981859005E-4,96,9.532600000000006,2321.96,2321.93,0.014076467235019945,2026-04-21T20:04:30.000-06:00,2026-04-21T20:05:30.000-06:00,2026-04-21 20:04:30,2026-04-21 20:05:30
ADAUSDT,0.2492,0.2492,0.24920000000000006,0.0,11,4106.400000000001,0.2492,0.2492,0.0,2026-04-21T20:04:30.000-06:00,2026-04-21T20:05:30.000-06:00,2026-04-21 20:04:30,2026-04-21 20:05:30
BNBUSDT,632.86,632.89,632.8726470588238,8.065953654362172E-5,34,0.40700000000000014,632.86,632.88,0.008981065445904607,2026-04-21T20:04:30.000-06:00,2026-04-21T20:05:30.000-06:00,2026-04-21 20:04:30,2026-04-21 20:05:30
DOGEUSDT,0.09498,0.09499,0.09498464285714288,2.5793650793739987E-11,28,6972.0,0.09498,0.09499,5.078745001842481E-6,2026-04-21T20:04:30.000-06:00,2026-04-21T20:05:30.000-06:00,2026-04-21 20:04:30,2026-04-21 20:05:30
SOLUSDT,86.31,86.32,86.31276595744683,2.0444033302479155E-5,47,80.47399999999999,86.31,86.31,0.004521507857173219,2026-04-21T20:04:30.000-06:00,2026-04-21T20:05:30.000-06:00,2026-04-21 20:04:30,2026-04-21 20:05:30
XRPUSDT,1.428,1.4282,1.4281000000000004,8.333333333323019E-10,25,5514.100000000002,1.428,1.4281,2.8867513459463424E-5,2026-04-21T20:04:30.000-06:00,2026-04-21T20:05:30.000-06:00,2026-04-21 20:04:30,2026-04-21 20:05:30
SOLUSDT,86.28,86.3,86.28859649122808,4.442355889705486E-5,57,5.804,86.28,86.3,0.0066651000665447525,2026-04-21T20:04:30.000-06:00,2026-04-21T20:05:30.000-06:00,2026-04-21 20:04:30,2026-04-21 20:05:30
DOGEUSDT,0.09497,0.09497,0.09497,0.0,7,186.0,0.09497,0.09497,0.0,2026-04-21T20:04:30.000-06:00,2026-04-21T20:05:30.000-06:00,2026-04-21 20:04:30,2026-04-21 20:05:30
BNBUSDT,632.84,632.94,632.8777358490565,9.87082728588081E-4,53,2.6800000000000006,632.85,632.93,0.0314178727572075,2026-04-21T20:04:30.000-06:00,2026-04-21T20:05:30.000-06:00,2026-04-21 20:04:30,2026-04-21 20:05:30
ETHUSDT,2321.38,2321.98,2321.7167708333313,0.030313926393512776,288,8.927700000000016,2321.38,2321.97,0.1741089497800523,2026-04-21T20:04:30.000-06:00,2026-04-21T20:05:30.000-06:00,2026-04-21 20:04:30,2026-04-21 20:05:30
ETHUSDT,2321.34,2321.5,2321.403371428574,0.0027833957307610287,175,12.872400000000008,2321.5,2321.39,0.05275789733074119,2026-04-21T20:04:30.000-06:00,2026-04-21T20:05:30.000-06:00,2026-04-21 20:04:30,2026-04-21 20:05:30
BNBUSDT,632.84,632.85,632.8433333333334,3.33333333332727E-5,3,1.0419999999999998,632.84,632.85,0.005773502691891007,2026-04-21T20:04:30.000-06:00,2026-04-21T20:05:30.000-06:00,2026-04-21 20:04:30,2026-04-21 20:05:30
BTCUSDT,76269.65,76290.97,76281.8648194267,35.73941402515306,803,0.5272700000000089,76290.97,76269.66,5.978245062319966,2026-04-21T20:04:30.000-06:00,2026-04-21T20:05:30.000-06:00,2026-04-21 20:04:30,2026-04-21 20:05:30
BTCUSDT,76290.96,76290.97,76290.96733333336,1.999999995647917E-5,45,0.47473000000000026,76290.97,76290.96,0.004472135950133803,2026-04-21T20:04:30.000-06:00,2026-04-21T20:05:30.000-06:00,2026-04-21 20:04:30,2026-04-21 20:05:30
BTCUSDT,76290.96,76290.97,76290.96780487809,1.7560975599301938E-5,41,0.5200600000000002,76290.96,76290.97,0.00419058177337013,2026-04-21T20:04:30.000-06:00,2026-04-21T20:05:30.000-06:00,2026-04-21 20:04:30,2026-04-21 20:05:30
BTCUSDT,76273.11,76290.97,76281.10326589584,40.454339158128356,346,1.889370000000003,76273.12,76290.96,6.360372564412273,2026-04-21T20:04:30.000-06:00,2026-04-21T20:05:30.000-06:00,2026-04-21 20:04:30,2026-04-21 20:05:30
BTCUSDT,76290.96,76290.97,76290.96499999998,2.5999999973215516E-5,26,0.5430400000000001,76290.97,76290.96,0.00509901951096635,2026-04-21T20:04:30.000-06:00,2026-04-21T20:05:30.000-06:00,2026-04-21 20:04:30,2026-04-21 20:05:30
ETHUSDT,2321.96,2321.97,2321.9635,2.3947368419176165E-5,20,4.0222,2321.96,2321.96,0.004893604849104203,2026-04-21T20:04:30.000-06:00,2026-04-21T20:05:30.000-06:00,2026-04-21 20:04:30,2026-04-21 20:05:30
ADAUSDT,0.2491,0.2491,0.2491,,1,29.5,0.2491,0.2491,,2026-04-21T20:04:30.000-06:00,2026-04-21T20:05:30.000-06:00,2026-04-21 20:04:30,2026-04-21 20:05:30
BNBUSDT,632.86,632.87,632.8675,2.1428571428428046E-5,8,1.585,632.87,632.86,0.0046291004988472705,2026-04-21T20:04:30.000-06:00,2026-04-21T20:05:30.000-06:00,2026-04-21 20:04:30,2026-04-21 20:05:30
SOLUSDT,86.27,86.28,86.27799999999999,1.9999999999999148E-5,5,34.013,86.27,86.28,0.004472135954999484,2026-04-21T20:04:30.000-06:00,2026-04-21T20:05:30.000-06:00,2026-04-21 20:04:30,2026-04-21 20:05:30
DOGEUSDT,0.09496,0.09496,0.09496000000000002,0.0,11,412.0,0.09496,0.09496,0.0,2026-04-21T20:04:30.000-06:00,2026-04-21T20:05:30.000-06:00,2026-04-21 20:04:30,2026-04-21 20:05:30
XRPUSDT,1.4281,1.4281,1.4281000000000001,0.0,7,2652.1000000000004,1.4281,1.4281,0.0,2026-04-21T20:04:30.000-06:00,2026-04-21T20:05:30.000-06:00,2026-04-21 20:04:30,2026-04-21 20:05:30
XRPUSDT,1.4281,1.4281,1.4281,,1,502.9,1.4281,1.4281,,2026-04-21T20:04:30.000-06:00,2026-04-21T20:05:30.000-06:00,2026-04-21 20:04:30,2026-04-21 20:05:30
DOGEUSDT,0.09498,0.09498,0.09497999999999998,0.0,10,2234.0,0.09498,0.09498,0.0,2026-04-21T20:04:30.000-06:00,2026-04-21T20:05:30.000-06:00,2026-04-21 20:04:30,2026-04-21 20:05:30
SOLUSDT,86.29,86.3,86.295,2.99999999999568E-5,6,15.9,86.3,86.3,0.005477225575047717,2026-04-21T20:04:30.000-06:00,2026-04-21T20:05:30.000-06:00,2026-04-21 20:04:30,2026-04-21 20:05:30
ETHUSDT,2321.96,2321.98,2321.9653260869554,3.6156235067730855E-5,92,4.294699999999999,2321.98,2321.97,0.006013005493738622,2026-04-21T20:04:30.000-06:00,2026-04-21T20:05:30.000-06:00,2026-04-21 20:04:30,2026-04-21 20:05:30
BNBUSDT,632.87,632.94,632.914565217392,4.162329419252881E-4,138,5.70800000000001,632.94,632.87,0.02040178771395507,2026-04-21T20:04:30.000-06:00,2026-04-21T20:05:30.000-06:00,2026-04-21 20:04:30,2026-04-21 20:05:30
BTCUSDT,76273.11,76273.12,76273.11508771933,2.5438596530010155E-5,57,0.7206500000000002,76273.11,76273.11,0.005043668955235876,2026-04-21T20:04:30.000-06:00,2026-04-21T20:05:30.000-06:00,2026-04-21 20:04:30,2026-04-21 20:05:30
ETHUSDT,2321.01,2321.47,2321.270965517241,0.018376227180779792,290,5.382500000000014,2321.47,2321.02,0.13555894356618375,2026-04-21T20:05:00.000-06:00,2026-04-21T20:06:00.000-06:00,2026-04-21 20:05:00,2026-04-21 20:06:00
XRPUSDT,1.4277,1.4278,1.4277052631578953,5.263157894727302E-10,19,229.60000000000002,1.4278,1.4277,2.2941573387035385E-5,2026-04-21T20:05:00.000-06:00,2026-04-21T20:06:00.000-06:00,2026-04-21 20:05:00,2026-04-21 20:06:00
AVAXUSDT,9.4,9.41,9.405000000000001,3.333333333332994E-5,4,12.16,9.4,9.41,0.005773502691895964,2026-04-21T20:05:00.000-06:00,2026-04-21T20:06:00.000-06:00,2026-04-21 20:05:00,2026-04-21 20:06:00
SOLUSDT,86.29,86.29,86.28999999999998,0.0,29,23.88500000000001,86.29,86.29,0.0,2026-04-21T20:05:00.000-06:00,2026-04-21T20:06:00.000-06:00,2026-04-21 20:05:00,2026-04-21 20:06:00
SOLUSDT,86.29,86.32,86.30666666666669,6.327683615799364E-5,60,71.89699999999996,86.32,86.29,0.007954673856167433,2026-04-21T20:05:00.000-06:00,2026-04-21T20:06:00.000-06:00,2026-04-21 20:05:00,2026-04-21 20:06:00
ETHUSDT,2321.46,2321.94,2321.7161111111127,0.02689938080487475,324,8.81120000000003,2321.94,2321.46,0.1640103070080498,2026-04-21T20:05:00.000-06:00,2026-04-21T20:06:00.000-06:00,2026-04-21 20:05:00,2026-04-21 20:06:00
XRPUSDT,1.4277,1.4282,1.427968292682926,1.8735320686509723E-8,82,23026.099999999995,1.4282,1.4277,1.3687702760693528E-4,2026-04-21T20:05:00.000-06:00,2026-04-21T20:06:00.000-06:00,2026-04-21 20:05:00,2026-04-21 20:06:00
DOGEUSDT,0.09498,0.09501,0.09499658536585372,4.304878048776539E-11,41,1578.0,0.095,0.09499,6.561156947350474E-6,2026-04-21T20:05:00.000-06:00,2026-04-21T20:06:00.000-06:00,2026-04-21 20:05:00,2026-04-21 20:06:00
ADAUSDT,0.2492,0.2493,0.24921666666666667,1.6666666666662626E-9,6,2691.2999999999997,0.2493,0.2492,4.082482904638135E-5,2026-04-21T20:05:00.000-06:00,2026-04-21T20:06:00.000-06:00,2026-04-21 20:05:00,2026-04-21 20:06:00
SOLUSDT,86.29,86.3,86.29863636363633,1.2337662337643321E-5,22,22.97200000000001,86.29,86.3,0.0035125008665683375,2026-04-21T20:05:00.000-06:00,2026-04-21T20:06:00.000-06:00,2026-04-21 20:05:00,2026-04-21 20:06:00
ETHUSDT,2321.96,2321.97,2321.9635,2.3947368419176165E-5,20,4.0222,2321.96,2321.96,0.004893604849104203,2026-04-21T20:05:00.000-06:00,2026-04-21T20:06:00.000-06:00,2026-04-21 20:05:00,2026-04-21 20:06:00
XRPUSDT,1.4281,1.4282,1.4281249999999999,2.5000000000019166E-9,4,340.5,1.4282,1.4281,5.0000000000019166E-5,2026-04-21T20:05:00.000-06:00,2026-04-21T20:06:00.000-06:00,2026-04-21 20:05:00,2026-04-21 20:06:00
ADAUSDT,0.2492,0.2492,0.24920000000000006,0.0,11,4106.400000000001,0.2492,0.2492,0.0,2026-04-21T20:05:00.000-06:00,2026-04-21T20:06:00.000-06:00,2026-04-21 20:05:00,2026-04-21 20:06:00
DOGEUSDT,0.09498,0.09499,0.09498464285714288,2.5793650793739987E-11,28,6972.0,0.09498,0.09499,5.078745001842481E-6,2026-04-21T20:05:00.000-06:00,2026-04-21T20:06:00.000-06:00,2026-04-21 20:05:00,2026-04-21 20:06:00
ETHUSDT,2321.93,2321.97,2321.9536458333346,1.9814692981859005E-4,96,9.532600000000006,2321.96,2321.93,0.014076467235019945,2026-04-21T20:05:00.000-06:00,2026-04-21T20:06:00.000-06:00,2026-04-21 20:05:00,2026-04-21 20:06:00
SOLUSDT,86.31,86.32,86.31276595744683,2.0444033302479155E-5,47,80.47399999999999,86.31,86.31,0.004521507857173219,2026-04-21T20:05:00.000-06:00,2026-04-21T20:06:00.000-06:00,2026-04-21 20:05:00,2026-04-21 20:06:00
BTCUSDT,76260.41,76269.66,76266.88494444436,10.017772622680809,180,0.18556999999999932,76269.65,76260.41,3.1650865110895166,2026-04-21T20:05:00.000-06:00,2026-04-21T20:06:00.000-06:00,2026-04-21 20:05:00,2026-04-21 20:06:00
BNBUSDT,632.79,632.79,632.79,0.0,6,0.6219999999999999,632.79,632.79,0.0,2026-04-21T20:05:00.000-06:00,2026-04-21T20:06:00.000-06:00,2026-04-21 20:05:00,2026-04-21 20:06:00
ETHUSDT,2321.24,2321.25,2321.245263157894,2.6315789474435933E-5,19,4.522100000000001,2321.25,2321.24,0.00512989176049904,2026-04-21T20:05:00.000-06:00,2026-04-21T20:06:00.000-06:00,2026-04-21 20:05:00,2026-04-21 20:06:00
SOLUSDT,86.28,86.29,86.28692307692306,2.307692307692552E-5,13,28.152,86.29,86.29,0.004803844614152868,2026-04-21T20:05:00.000-06:00,2026-04-21T20:06:00.000-06:00,2026-04-21 20:05:00,2026-04-21 20:06:00
XRPUSDT,1.4275,1.4276,1.42752,1.7142857142841373E-9,15,1905.2,1.4275,1.4276,4.140393356052221E-5,2026-04-21T20:05:00.000-06:00,2026-04-21T20:06:00.000-06:00,2026-04-21 20:05:00,2026-04-21 20:06:00
BTCUSDT,76269.65,76290.97,76281.8648194267,35.73941402515306,803,0.5272700000000089,76290.97,76269.66,5.978245062319966,2026-04-21T20:05:00.000-06:00,2026-04-21T20:06:00.000-06:00,2026-04-21 20:05:00,2026-04-21 20:06:00
BNBUSDT,632.79,632.88,632.8349230769232,0.001113559928457092,130,13.590000000000023,632.88,632.79,0.03337004537691089,2026-04-21T20:05:00.000-06:00,2026-04-21T20:06:00.000-06:00,2026-04-21 20:05:00,2026-04-21 20:06:00
BNBUSDT,632.64,632.78,632.7293103448272,0.0015925637181384658,116,4.178999999999991,632.78,632.64,0.03990693822054588,2026-04-21T20:05:00.000-06:00,2026-04-21T20:06:00.000-06:00,2026-04-21 20:05:00,2026-04-21 20:06:00
BTCUSDT,76260.41,76268.42,76262.71134078228,8.575418416889812,179,1.267000000000001,76260.41,76268.42,2.928381535403099,2026-04-21T20:05:00.000-06:00,2026-04-21T20:06:00.000-06:00,2026-04-21 20:05:00,2026-04-21 20:06:00
BNBUSDT,632.64,632.65,632.646923076923,2.3076923076545848E-5,13,3.127,632.65,632.64,0.004803844614113351,2026-04-21T20:05:00.000-06:00,2026-04-21T20:06:00.000-06:00,2026-04-21 20:05:00,2026-04-21 20:06:00
BTCUSDT,76268.42,76269.67,76269.25965517244,0.33992662390043993,87,0.9903999999999997,76268.42,76269.67,0.5830322666031786,2026-04-21T20:05:00.000-06:00,2026-04-21T20:06:00.000-06:00,2026-04-21 20:05:00,2026-04-21 20:06:00
BNBUSDT,632.86,632.89,632.8726470588238,8.065953654362172E-5,34,0.40700000000000014,632.86,632.88,0.008981065445904607,2026-04-21T20:05:00.000-06:00,2026-04-21T20:06:00.000-06:00,2026-04-21 20:05:00,2026-04-21 20:06:00
BTCUSDT,76290.96,76290.97,76290.96733333336,1.999999995647917E-5,45,0.47473000000000026,76290.97,76290.96,0.004472135950133803,2026-04-21T20:05:00.000-06:00,2026-04-21T20:06:00.000-06:00,2026-04-21 20:05:00,2026-04-21 20:06:00
BNBUSDT,632.86,632.87,632.8675,2.1428571428428046E-5,8,1.585,632.87,632.86,0.0046291004988472705,2026-04-21T20:05:00.000-06:00,2026-04-21T20:06:00.000-06:00,2026-04-21 20:05:00,2026-04-21 20:06:00
BTCUSDT,76290.96,76290.97,76290.96780487809,1.7560975599301938E-5,41,0.5200600000000002,76290.96,76290.97,0.00419058177337013,2026-04-21T20:05:00.000-06:00,2026-04-21T20:06:00.000-06:00,2026-04-21 20:05:00,2026-04-21 20:06:00
DOGEUSDT,0.09497,0.09497,0.09497,0.0,18,7681.0,0.09497,0.09497,0.0,2026-04-21T20:05:00.000-06:00,2026-04-21T20:06:00.000-06:00,2026-04-21 20:05:00,2026-04-21 20:06:00
ADAUSDT,0.2491,0.2492,0.24910769230769222,7.692307692310269E-10,13,1951.0,0.2491,0.2492,2.7735009811266103E-5,2026-04-21T20:05:00.000-06:00,2026-04-21T20:06:00.000-06:00,2026-04-21 20:05:00,2026-04-21 20:06:00
XRPUSDT,1.4276,1.4276,1.427599999999999,0.0,26,207.8,1.4276,1.4276,0.0,2026-04-21T20:05:00.000-06:00,2026-04-21T20:06:00.000-06:00,2026-04-21 20:05:00,2026-04-21 20:06:00
ETHUSDT,2321.01,2321.24,2321.111445086703,0.0060554577228981886,173,5.151000000000016,2321.01,2321.24,0.0778168215933945,2026-04-21T20:05:00.000-06:00,2026-04-21T20:06:00.000-06:00,2026-04-21 20:05:00,2026-04-21 20:06:00
SOLUSDT,86.28,86.29,86.28571428571429,2.8571428571438183E-5,7,13.149000000000001,86.29,86.29,0.0053452248382493866,2026-04-21T20:05:00.000-06:00,2026-04-21T20:06:00.000-06:00,2026-04-21 20:05:00,2026-04-21 20:06:00
DOGEUSDT,0.09497,0.09498,0.09497888888888888,1.1111111111102495E-11,9,3065.0,0.09498,0.09497,3.3333333333320408E-6,2026-04-21T20:05:00.000-06:00,2026-04-21T20:06:00.000-06:00,2026-04-21 20:05:00,2026-04-21 20:06:00
ADAUSDT,0.2491,0.2491,0.2491,,1,29.5,0.2491,0.2491,,2026-04-21T20:05:00.000-06:00,2026-04-21T20:06:00.000-06:00,2026-04-21 20:05:00,2026-04-21 20:06:00
DOGEUSDT,0.09498,0.09498,0.09498,,1,19.0,0.09498,0.09498,,2026-04-21T20:05:00.000-06:00,2026-04-21T20:06:00.000-06:00,2026-04-21 20:05:00,2026-04-21 20:06:00
DOGEUSDT,0.09497,0.09498,0.09497666666666668,2.307692307693203E-11,27,34612.0,0.09498,0.09497,4.803844614153546E-6,2026-04-21T20:05:00.000-06:00,2026-04-21T20:06:00.000-06:00,2026-04-21 20:05:00,2026-04-21 20:06:00
DOGEUSDT,0.09497,0.09498,0.094975,4.9999999999961234E-11,2,46.0,0.09498,0.09497,7.071067811862734E-6,2026-04-21T20:05:00.000-06:00,2026-04-21T20:06:00.000-06:00,2026-04-21 20:05:00,2026-04-21 20:06:00
ETHUSDT,2321.01,2321.47,2321.270965517241,0.018376227180779792,290,5.382500000000014,2321.47,2321.02,0.13555894356618375,2026-04-21T20:05:30.000-06:00,2026-04-21T20:06:30.000-06:00,2026-04-21 20:05:30,2026-04-21 20:06:30
XRPUSDT,1.4277,1.4278,1.4277052631578953,5.263157894727302E-10,19,229.60000000000002,1.4278,1.4277,2.2941573387035385E-5,2026-04-21T20:05:30.000-06:00,2026-04-21T20:06:30.000-06:00,2026-04-21 20:05:30,2026-04-21 20:06:30
BTCUSDT,76269.66,76288.67,76280.39592515594,39.42596752752512,481,2.0759100000000044,76269.67,76280.19,6.2790100754438285,2026-04-21T20:05:30.000-06:00,2026-04-21T20:06:30.000-06:00,2026-04-21 20:05:30,2026-04-21 20:06:30
AVAXUSDT,9.4,9.41,9.401666666666666,1.6666666666666667E-5,6,1564.46,9.41,9.4,0.004082482904638631,2026-04-21T20:05:30.000-06:00,2026-04-21T20:06:30.000-06:00,2026-04-21 20:05:30,2026-04-21 20:06:30
BTCUSDT,76260.41,76269.66,76266.88494444436,10.017772622680809,180,0.18556999999999932,76269.65,76260.41,3.1650865110895166,2026-04-21T20:05:30.000-06:00,2026-04-21T20:06:30.000-06:00,2026-04-21 20:05:30,2026-04-21 20:06:30
AVAXUSDT,9.4,9.41,9.405000000000001,3.333333333332994E-5,4,12.16,9.4,9.41,0.005773502691895964,2026-04-21T20:05:30.000-06:00,2026-04-21T20:06:30.000-06:00,2026-04-21 20:05:30,2026-04-21 20:06:30
ETHUSDT,2321.24,2321.25,2321.245263157894,2.6315789474435933E-5,19,4.522100000000001,2321.25,2321.24,0.00512989176049904,2026-04-21T20:05:30.000-06:00,2026-04-21T20:06:30.000-06:00,2026-04-21 20:05:30,2026-04-21 20:06:30
XRPUSDT,1.4275,1.4276,1.42752,1.7142857142841373E-9,15,1905.2,1.4275,1.4276,4.140393356052221E-5,2026-04-21T20:05:30.000-06:00,2026-04-21T20:06:30.000-06:00,2026-04-21 20:05:30,2026-04-21 20:06:30
BTCUSDT,76260.41,76268.42,76262.71134078228,8.575418416889812,179,1.267000000000001,76260.41,76268.42,2.928381535403099,2026-04-21T20:05:30.000-06:00,2026-04-21T20:06:30.000-06:00,2026-04-21 20:05:30,2026-04-21 20:06:30
BTCUSDT,76268.42,76269.67,76269.25965517244,0.33992662390043993,87,0.9903999999999997,76268.42,76269.67,0.5830322666031786,2026-04-21T20:05:30.000-06:00,2026-04-21T20:06:30.000-06:00,2026-04-21 20:05:30,2026-04-21 20:06:30
ETHUSDT,2321.24,2321.77,2321.5317906976697,0.026480002710630984,430,4.664800000000036,2321.24,2321.53,0.16272677318324413,2026-04-21T20:05:30.000-06:00,2026-04-21T20:06:30.000-06:00,2026-04-21 20:05:30,2026-04-21 20:06:30
XRPUSDT,1.4276,1.4276,1.4275999999999995,0.0,15,1158.0000000000002,1.4276,1.4276,0.0,2026-04-21T20:05:30.000-06:00,2026-04-21T20:06:30.000-06:00,2026-04-21 20:05:30,2026-04-21 20:06:30
XRPUSDT,1.4269,1.4269,1.4269,,1,111.5,1.4269,1.4269,,2026-04-21T20:05:30.000-06:00,2026-04-21T20:06:30.000-06:00,2026-04-21 20:05:30,2026-04-21 20:06:30
SOLUSDT,86.24,86.3,86.26584210526319,3.408214981905014E-4,190,1940.188999999995,86.3,86.24,0.018461351472481676,2026-04-21T20:05:30.000-06:00,2026-04-21T20:06:30.000-06:00,2026-04-21 20:05:30,2026-04-21 20:06:30
DOGEUSDT,0.09497,0.095,0.09497954545454546,6.902097902106372E-11,66,203100.0,0.095,0.09497,8.307886555620732E-6,2026-04-21T20:05:30.000-06:00,2026-04-21T20:06:30.000-06:00,2026-04-21 20:05:30,2026-04-21 20:06:30
SOLUSDT,86.29,86.3,86.29714285714284,2.3809523809474188E-5,7,15.203000000000001,86.29,86.3,0.0048795003647375814,2026-04-21T20:05:30.000-06:00,2026-04-21T20:06:30.000-06:00,2026-04-21 20:05:30,2026-04-21 20:06:30
DOGEUSDT,0.09499,0.095,0.09499124999999997,1.1666666666667126E-11,16,16592.0,0.09499,0.09499,3.4156502553199335E-6,2026-04-21T20:05:30.000-06:00,2026-04-21T20:06:30.000-06:00,2026-04-21 20:05:30,2026-04-21 20:06:30
BNBUSDT,632.64,632.78,632.7293103448272,0.0015925637181384658,116,4.178999999999991,632.78,632.64,0.03990693822054588,2026-04-21T20:05:30.000-06:00,2026-04-21T20:06:30.000-06:00,2026-04-21 20:05:30,2026-04-21 20:06:30
ADAUSDT,0.2491,0.2492,0.24910769230769222,7.692307692310269E-10,13,1951.0,0.2491,0.2492,2.7735009811266103E-5,2026-04-21T20:05:30.000-06:00,2026-04-21T20:06:30.000-06:00,2026-04-21 20:05:30,2026-04-21 20:06:30
DOGEUSDT,0.09497,0.09497,0.09497,0.0,18,7681.0,0.09497,0.09497,0.0,2026-04-21T20:05:30.000-06:00,2026-04-21T20:06:30.000-06:00,2026-04-21 20:05:30,2026-04-21 20:06:30
SOLUSDT,86.28,86.29,86.28571428571429,2.8571428571438183E-5,7,13.149000000000001,86.29,86.29,0.0053452248382493866,2026-04-21T20:05:30.000-06:00,2026-04-21T20:06:30.000-06:00,2026-04-21 20:05:30,2026-04-21 20:06:30
BTCUSDT,76252.8,76282.89,76265.0547841728,134.65093707054635,556,5.393850000000005,76282.89,76252.92,11.603919039296438,2026-04-21T20:05:30.000-06:00,2026-04-21T20:06:30.000-06:00,2026-04-21 20:05:30,2026-04-21 20:06:30
AVAXUSDT,9.41,9.41,9.41,,1,71.38,9.41,9.41,,2026-04-21T20:05:30.000-06:00,2026-04-21T20:06:30.000-06:00,2026-04-21 20:05:30,2026-04-21 20:06:30
XRPUSDT,1.4276,1.4276,1.427599999999999,0.0,26,207.8,1.4276,1.4276,0.0,2026-04-21T20:05:30.000-06:00,2026-04-21T20:06:30.000-06:00,2026-04-21 20:05:30,2026-04-21 20:06:30
ETHUSDT,2321.01,2321.24,2321.111445086703,0.0060554577228981886,173,5.151000000000016,2321.01,2321.24,0.0778168215933945,2026-04-21T20:05:30.000-06:00,2026-04-21T20:06:30.000-06:00,2026-04-21 20:05:30,2026-04-21 20:06:30
DOGEUSDT,0.09498,0.095,0.09499217391304353,7.516908212559995E-11,46,2582.0,0.09498,0.095,8.670010503200094E-6,2026-04-21T20:05:30.000-06:00,2026-04-21T20:06:30.000-06:00,2026-04-21 20:05:30,2026-04-21 20:06:30
SOLUSDT,86.29,86.32,86.30243697478996,6.26548924654391E-5,119,153.4880000000003,86.29,86.29,0.00791548434812672,2026-04-21T20:05:30.000-06:00,2026-04-21T20:06:30.000-06:00,2026-04-21 20:05:30,2026-04-21 20:06:30
DOGEUSDT,0.09497,0.09498,0.09497666666666668,2.307692307693203E-11,27,34612.0,0.09498,0.09497,4.803844614153546E-6,2026-04-21T20:05:30.000-06:00,2026-04-21T20:06:30.000-06:00,2026-04-21 20:05:30,2026-04-21 20:06:30
SOLUSDT,86.29,86.29,86.28999999999998,0.0,29,23.88500000000001,86.29,86.29,0.0,2026-04-21T20:05:30.000-06:00,2026-04-21T20:06:30.000-06:00,2026-04-21 20:05:30,2026-04-21 20:06:30
SOLUSDT,86.28,86.29,86.28692307692306,2.307692307692552E-5,13,28.152,86.29,86.29,0.004803844614152868,2026-04-21T20:05:30.000-06:00,2026-04-21T20:06:30.000-06:00,2026-04-21 20:05:30,2026-04-21 20:06:30
DOGEUSDT,0.09497,0.09498,0.094975,4.9999999999961234E-11,2,46.0,0.09498,0.09497,7.071067811862734E-6,2026-04-21T20:05:30.000-06:00,2026-04-21T20:06:30.000-06:00,2026-04-21 20:05:30,2026-04-21 20:06:30
ETHUSDT,2320.78,2321.54,2321.1444165170587,0.08012074706517845,557,37.100700000000145,2321.54,2320.9,0.28305608466376136,2026-04-21T20:05:30.000-06:00,2026-04-21T20:06:30.000-06:00,2026-04-21 20:05:30,2026-04-21 20:06:30
XRPUSDT,1.4268,1.4275,1.4271795620437935,4.8108630313181286E-8,137,12568.499999999998,1.4275,1.4269,2.193367965325957E-4,2026-04-21T20:05:30.000-06:00,2026-04-21T20:06:30.000-06:00,2026-04-21 20:05:30,2026-04-21 20:06:30
BNBUSDT,632.62,632.77,632.7028037383183,0.0020411214953355047,107,17.312999999999985,632.76,632.63,0.04517877261873661,2026-04-21T20:05:30.000-06:00,2026-04-21T20:06:30.000-06:00,2026-04-21 20:05:30,2026-04-21 20:06:30
ADAUSDT,0.249,0.2492,0.24910000000000007,7.142857142859148E-10,29,37471.999999999985,0.2492,0.2491,2.672612419124619E-5,2026-04-21T20:05:30.000-06:00,2026-04-21T20:06:30.000-06:00,2026-04-21 20:05:30,2026-04-21 20:06:30
XRPUSDT,1.4275,1.4276,1.4275913043478252,8.300395256917276E-10,23,2611.4,1.4276,1.4276,2.8810406552003526E-5,2026-04-21T20:05:30.000-06:00,2026-04-21T20:06:30.000-06:00,2026-04-21 20:05:30,2026-04-21 20:06:30
ETHUSDT,2321.53,2321.55,2321.5393333333323,2.909090908515857E-5,45,3.2347000000000032,2321.54,2321.55,0.005393598899172849,2026-04-21T20:05:30.000-06:00,2026-04-21T20:06:30.000-06:00,2026-04-21 20:05:30,2026-04-21 20:06:30
BTCUSDT,76280.18,76282.89,76281.34949999988,1.7297339240931622,80,0.3289299999999999,76280.18,76282.88,1.315193493024187,2026-04-21T20:05:30.000-06:00,2026-04-21T20:06:30.000-06:00,2026-04-21 20:05:30,2026-04-21 20:06:30
BNBUSDT,632.72,632.77,632.743111111111,2.9010101010337085E-4,45,1.9479999999999984,632.73,632.77,0.01703235186647372,2026-04-21T20:05:30.000-06:00,2026-04-21T20:06:30.000-06:00,2026-04-21 20:05:30,2026-04-21 20:06:30
BNBUSDT,632.79,632.79,632.79,0.0,6,0.6219999999999999,632.79,632.79,0.0,2026-04-21T20:05:30.000-06:00,2026-04-21T20:06:30.000-06:00,2026-04-21 20:05:30,2026-04-21 20:06:30
BNBUSDT,632.65,632.73,632.6774137931034,8.440713853550876E-4,58,4.655999999999998,632.65,632.72,0.02905290665931875,2026-04-21T20:05:30.000-06:00,2026-04-21T20:06:30.000-06:00,2026-04-21 20:05:30,2026-04-21 20:06:30
BNBUSDT,632.64,632.65,632.646923076923,2.3076923076545848E-5,13,3.127,632.65,632.64,0.004803844614113351,2026-04-21T20:05:30.000-06:00,2026-04-21T20:06:30.000-06:00,2026-04-21 20:05:30,2026-04-21 20:06:30
XRPUSDT,1.4268,1.4269,1.426855056179777,2.502553626119777E-9,89,6802.000000000005,1.4269,1.4268,5.0025529743519724E-5,2026-04-21T20:06:00.000-06:00,2026-04-21T20:07:00.000-06:00,2026-04-21 20:06:00,2026-04-21 20:07:00
BTCUSDT,76235.98,76252.92,76243.94785223402,36.23517592963537,582,2.3914400000000042,76252.91,76243.6,6.01956609147498,2026-04-21T20:06:00.000-06:00,2026-04-21T20:07:00.000-06:00,2026-04-21 20:06:00,2026-04-21 20:07:00
BNBUSDT,632.51,632.62,632.5590476190474,0.001256459874761235,252,11.67100000000004,632.62,632.51,0.03544657775810289,2026-04-21T20:06:00.000-06:00,2026-04-21T20:07:00.000-06:00,2026-04-21 20:06:00,2026-04-21 20:07:00
BTCUSDT,76255.39,76280.43,76266.6923323616,70.14704249727095,343,1.1391800000000003,76255.4,76280.42,8.375383125402141,2026-04-21T20:06:00.000-06:00,2026-04-21T20:07:00.000-06:00,2026-04-21 20:06:00,2026-04-21 20:07:00
XRPUSDT,1.427,1.4274,1.427194545454546,8.673400673379086E-9,55,1704.2999999999988,1.427,1.4274,9.31310940200913E-5,2026-04-21T20:06:00.000-06:00,2026-04-21T20:07:00.000-06:00,2026-04-21 20:06:00,2026-04-21 20:07:00
BNBUSDT,632.65,632.75,632.6927777777781,0.0010015723270371765,54,0.48200000000000026,632.65,632.75,0.031647627510402364,2026-04-21T20:06:00.000-06:00,2026-04-21T20:07:00.000-06:00,2026-04-21 20:06:00,2026-04-21 20:07:00
BNBUSDT,632.52,632.64,632.5719354838708,0.001791865357634766,93,2.0069999999999997,632.52,632.64,0.042330430633703287,2026-04-21T20:06:00.000-06:00,2026-04-21T20:07:00.000-06:00,2026-04-21 20:06:00,2026-04-21 20:07:00
XRPUSDT,1.4269,1.4271,1.4270000000000007,5.454545454536348E-9,45,1591.0999999999995,1.4269,1.427,7.385489458753799E-5,2026-04-21T20:06:00.000-06:00,2026-04-21T20:07:00.000-06:00,2026-04-21 20:06:00,2026-04-21 20:07:00
BTCUSDT,76243.6,76255.4,76249.40168421062,18.357363286273177,190,0.7604200000000012,76243.6,76255.4,4.284549367935113,2026-04-21T20:06:00.000-06:00,2026-04-21T20:07:00.000-06:00,2026-04-21 20:06:00,2026-04-21 20:07:00
AVAXUSDT,9.4,9.41,9.401666666666666,1.6666666666666667E-5,6,1564.46,9.41,9.4,0.004082482904638631,2026-04-21T20:06:00.000-06:00,2026-04-21T20:07:00.000-06:00,2026-04-21 20:06:00,2026-04-21 20:07:00
DOGEUSDT,0.09498,0.095,0.0949924444444445,7.34343434342396E-11,45,2563.0,0.09498,0.095,8.569384075547063E-6,2026-04-21T20:06:00.000-06:00,2026-04-21T20:07:00.000-06:00,2026-04-21 20:06:00,2026-04-21 20:07:00
SOLUSDT,86.29,86.32,86.30243697478996,6.26548924654391E-5,119,153.4880000000003,86.29,86.29,0.00791548434812672,2026-04-21T20:06:00.000-06:00,2026-04-21T20:07:00.000-06:00,2026-04-21 20:06:00,2026-04-21 20:07:00
SOLUSDT,86.24,86.29,86.26537815126078,1.6405070502805504E-4,119,88.28799999999995,86.25,86.29,0.012808228020614524,2026-04-21T20:06:00.000-06:00,2026-04-21T20:07:00.000-06:00,2026-04-21 20:06:00,2026-04-21 20:07:00
AVAXUSDT,9.41,9.41,9.41,0.0,2,3.5,9.41,9.41,0.0,2026-04-21T20:06:00.000-06:00,2026-04-21T20:07:00.000-06:00,2026-04-21 20:06:00,2026-04-21 20:07:00
DOGEUSDT,0.09499,0.095,0.09499600000000002,2.4999999999976853E-11,25,1496.0,0.09499,0.095,4.9999999999976855E-6,2026-04-21T20:06:00.000-06:00,2026-04-21T20:07:00.000-06:00,2026-04-21 20:06:00,2026-04-21 20:07:00
DOGEUSDT,0.09495,0.09498,0.0949671111111111,1.2101010101027462E-10,45,12279.0,0.09495,0.09498,1.1000459127248945E-5,2026-04-21T20:06:00.000-06:00,2026-04-21T20:07:00.000-06:00,2026-04-21 20:06:00,2026-04-21 20:07:00
SOLUSDT,86.23,86.25,86.24052132701415,2.3060257278341067E-5,211,963.8280000000002,86.23,86.25,0.0048021096695453624,2026-04-21T20:06:00.000-06:00,2026-04-21T20:07:00.000-06:00,2026-04-21 20:06:00,2026-04-21 20:07:00
AVAXUSDT,9.4,9.4,9.400000000000002,0.0,13,456.59,9.4,9.4,0.0,2026-04-21T20:06:00.000-06:00,2026-04-21T20:07:00.000-06:00,2026-04-21 20:06:00,2026-04-21 20:07:00
SOLUSDT,86.21,86.23,86.22364341085263,4.209060077526078E-5,129,130.86800000000008,86.23,86.23,0.006487726934393955,2026-04-21T20:06:00.000-06:00,2026-04-21T20:07:00.000-06:00,2026-04-21 20:06:00,2026-04-21 20:07:00
DOGEUSDT,0.09495,0.09496,0.09495399999999997,2.4705882352875988E-11,35,1523.0,0.09496,0.09495,4.9705012174705266E-6,2026-04-21T20:06:00.000-06:00,2026-04-21T20:07:00.000-06:00,2026-04-21 20:06:00,2026-04-21 20:07:00
AVAXUSDT,9.4,9.4,9.400000000000002,0.0,15,495.94,9.4,9.4,0.0,2026-04-21T20:06:00.000-06:00,2026-04-21T20:07:00.000-06:00,2026-04-21 20:06:00,2026-04-21 20:07:00
ETHUSDT,2321.24,2321.77,2321.5317906976697,0.026480002710630984,430,4.664800000000036,2321.24,2321.53,0.16272677318324413,2026-04-21T20:06:00.000-06:00,2026-04-21T20:07:00.000-06:00,2026-04-21 20:06:00,2026-04-21 20:07:00
ETHUSDT,2320.22,2320.91,2320.5201035196715,0.03525247888862005,483,9.655400000000053,2320.91,2320.72,0.18775643501254505,2026-04-21T20:06:00.000-06:00,2026-04-21T20:07:00.000-06:00,2026-04-21 20:06:00,2026-04-21 20:07:00
BNBUSDT,632.62,632.77,632.7028037383183,0.0020411214953355047,107,17.312999999999985,632.76,632.63,0.04517877261873661,2026-04-21T20:06:00.000-06:00,2026-04-21T20:07:00.000-06:00,2026-04-21 20:06:00,2026-04-21 20:07:00
BTCUSDT,76252.8,76282.89,76265.0547841728,134.65093707054635,556,5.393850000000005,76282.89,76252.92,11.603919039296438,2026-04-21T20:06:00.000-06:00,2026-04-21T20:07:00.000-06:00,2026-04-21 20:06:00,2026-04-21 20:07:00
XRPUSDT,1.4268,1.4275,1.4271795620437935,4.8108630313181286E-8,137,12568.499999999998,1.4275,1.4269,2.193367965325957E-4,2026-04-21T20:06:00.000-06:00,2026-04-21T20:07:00.000-06:00,2026-04-21 20:06:00,2026-04-21 20:07:00
XRPUSDT,1.4275,1.4276,1.4275913043478252,8.300395256917276E-10,23,2611.4,1.4276,1.4276,2.8810406552003526E-5,2026-04-21T20:06:00.000-06:00,2026-04-21T20:07:00.000-06:00,2026-04-21 20:06:00,2026-04-21 20:07:00
BTCUSDT,76280.18,76282.89,76281.34949999988,1.7297339240931622,80,0.3289299999999999,76280.18,76282.88,1.315193493024187,2026-04-21T20:06:00.000-06:00,2026-04-21T20:07:00.000-06:00,2026-04-21 20:06:00,2026-04-21 20:07:00
BNBUSDT,632.72,632.77,632.743111111111,2.9010101010337085E-4,45,1.9479999999999984,632.73,632.77,0.01703235186647372,2026-04-21T20:06:00.000-06:00,2026-04-21T20:07:00.000-06:00,2026-04-21 20:06:00,2026-04-21 20:07:00
ETHUSDT,2321.31,2322.05,2321.634797979795,0.048098946426723375,396,8.633300000000052,2321.32,2322.05,0.21931472004113944,2026-04-21T20:06:00.000-06:00,2026-04-21T20:07:00.000-06:00,2026-04-21 20:06:00,2026-04-21 20:07:00
ETHUSDT,2320.72,2321.31,2321.011574344021,0.03398406390165736,343,2.792100000000004,2320.72,2321.31,0.18434767126724808,2026-04-21T20:06:00.000-06:00,2026-04-21T20:07:00.000-06:00,2026-04-21 20:06:00,2026-04-21 20:07:00
SOLUSDT,86.24,86.3,86.26584210526319,3.408214981905014E-4,190,1940.188999999995,86.3,86.24,0.018461351472481676,2026-04-21T20:06:00.000-06:00,2026-04-21T20:07:00.000-06:00,2026-04-21 20:06:00,2026-04-21 20:07:00
DOGEUSDT,0.09497,0.095,0.09497954545454546,6.902097902106372E-11,66,203100.0,0.095,0.09497,8.307886555620732E-6,2026-04-21T20:06:00.000-06:00,2026-04-21T20:07:00.000-06:00,2026-04-21 20:06:00,2026-04-21 20:07:00
AVAXUSDT,9.41,9.41,9.41,,1,71.38,9.41,9.41,,2026-04-21T20:06:00.000-06:00,2026-04-21T20:07:00.000-06:00,2026-04-21 20:06:00,2026-04-21 20:07:00
BNBUSDT,632.65,632.73,632.6774137931034,8.440713853550876E-4,58,4.655999999999998,632.65,632.72,0.02905290665931875,2026-04-21T20:06:00.000-06:00,2026-04-21T20:07:00.000-06:00,2026-04-21 20:06:00,2026-04-21 20:07:00
XRPUSDT,1.4276,1.4276,1.4275999999999995,0.0,15,1158.0000000000002,1.4276,1.4276,0.0,2026-04-21T20:06:00.000-06:00,2026-04-21T20:07:00.000-06:00,2026-04-21 20:06:00,2026-04-21 20:07:00
BTCUSDT,76269.66,76288.67,76280.39592515594,39.42596752752512,481,2.0759100000000044,76269.67,76280.19,6.2790100754438285,2026-04-21T20:06:00.000-06:00,2026-04-21T20:07:00.000-06:00,2026-04-21 20:06:00,2026-04-21 20:07:00
ETHUSDT,2320.78,2321.54,2321.1444165170587,0.08012074706517845,557,37.100700000000145,2321.54,2320.9,0.28305608466376136,2026-04-21T20:06:00.000-06:00,2026-04-21T20:07:00.000-06:00,2026-04-21 20:06:00,2026-04-21 20:07:00
ADAUSDT,0.249,0.2492,0.24910000000000007,7.142857142859148E-10,29,37471.999999999985,0.2492,0.2491,2.672612419124619E-5,2026-04-21T20:06:00.000-06:00,2026-04-21T20:07:00.000-06:00,2026-04-21 20:06:00,2026-04-21 20:07:00
ETHUSDT,2321.53,2321.55,2321.5393333333323,2.909090908515857E-5,45,3.2347000000000032,2321.54,2321.55,0.005393598899172849,2026-04-21T20:06:00.000-06:00,2026-04-21T20:07:00.000-06:00,2026-04-21 20:06:00,2026-04-21 20:07:00
SOLUSDT,86.29,86.3,86.29714285714284,2.3809523809474188E-5,7,15.203000000000001,86.29,86.3,0.0048795003647375814,2026-04-21T20:06:00.000-06:00,2026-04-21T20:07:00.000-06:00,2026-04-21 20:06:00,2026-04-21 20:07:00
DOGEUSDT,0.09499,0.095,0.09499124999999997,1.1666666666667126E-11,16,16592.0,0.09499,0.09499,3.4156502553199335E-6,2026-04-21T20:06:00.000-06:00,2026-04-21T20:07:00.000-06:00,2026-04-21 20:06:00,2026-04-21 20:07:00
ADAUSDT,0.249,0.249,0.24899999999999997,0.0,23,19366.100000000002,0.249,0.249,0.0,2026-04-21T20:06:00.000-06:00,2026-04-21T20:07:00.000-06:00,2026-04-21 20:06:00,2026-04-21 20:07:00
ADAUSDT,0.249,0.2491,0.24903846153846151,2.564102564102358E-9,13,15491.0,0.249,0.2491,5.06369683541813E-5,2026-04-21T20:06:00.000-06:00,2026-04-21T20:07:00.000-06:00,2026-04-21 20:06:00,2026-04-21 20:07:00
ADAUSDT,0.2491,0.2491,0.24909999999999993,0.0,9,239.6,0.2491,0.2491,0.0,2026-04-21T20:06:00.000-06:00,2026-04-21T20:07:00.000-06:00,2026-04-21 20:06:00,2026-04-21 20:07:00
BNBUSDT,632.51,632.62,632.5590476190474,0.001256459874761235,252,11.67100000000004,632.62,632.51,0.03544657775810289,2026-04-21T20:06:30.000-06:00,2026-04-21T20:07:30.000-06:00,2026-04-21 20:06:30,2026-04-21 20:07:30
DOGEUSDT,0.09495,0.09496,0.09495399999999997,2.4705882352875988E-11,35,1523.0,0.09496,0.09495,4.9705012174705266E-6,2026-04-21T20:06:30.000-06:00,2026-04-21T20:07:30.000-06:00,2026-04-21 20:06:30,2026-04-21 20:07:30
AVAXUSDT,9.4,9.4,9.400000000000002,0.0,15,495.94,9.4,9.4,0.0,2026-04-21T20:06:30.000-06:00,2026-04-21T20:07:30.000-06:00,2026-04-21 20:06:30,2026-04-21 20:07:30
AVAXUSDT,9.41,9.41,9.41,0.0,2,3.5,9.41,9.41,0.0,2026-04-21T20:06:30.000-06:00,2026-04-21T20:07:30.000-06:00,2026-04-21 20:06:30,2026-04-21 20:07:30
BNBUSDT,632.65,632.75,632.6927777777781,0.0010015723270371765,54,0.48200000000000026,632.65,632.75,0.031647627510402364,2026-04-21T20:06:30.000-06:00,2026-04-21T20:07:30.000-06:00,2026-04-21 20:06:30,2026-04-21 20:07:30
DOGEUSDT,0.09499,0.095,0.09499600000000002,2.4999999999976853E-11,25,1496.0,0.09499,0.095,4.9999999999976855E-6,2026-04-21T20:06:30.000-06:00,2026-04-21T20:07:30.000-06:00,2026-04-21 20:06:30,2026-04-21 20:07:30
BNBUSDT,632.52,632.64,632.5719354838708,0.001791865357634766,93,2.0069999999999997,632.52,632.64,0.042330430633703287,2026-04-21T20:06:30.000-06:00,2026-04-21T20:07:30.000-06:00,2026-04-21 20:06:30,2026-04-21 20:07:30
DOGEUSDT,0.09495,0.09498,0.0949671111111111,1.2101010101027462E-10,45,12279.0,0.09495,0.09498,1.1000459127248945E-5,2026-04-21T20:06:30.000-06:00,2026-04-21T20:07:30.000-06:00,2026-04-21 20:06:30,2026-04-21 20:07:30
AVAXUSDT,9.4,9.4,9.400000000000002,0.0,13,456.59,9.4,9.4,0.0,2026-04-21T20:06:30.000-06:00,2026-04-21T20:07:30.000-06:00,2026-04-21 20:06:30,2026-04-21 20:07:30
BTCUSDT,76255.39,76280.43,76266.6923323616,70.14704249727095,343,1.1391800000000003,76255.4,76280.42,8.375383125402141,2026-04-21T20:06:30.000-06:00,2026-04-21T20:07:30.000-06:00,2026-04-21 20:06:30,2026-04-21 20:07:30
BTCUSDT,76243.6,76255.4,76249.40168421062,18.357363286273177,190,0.7604200000000012,76243.6,76255.4,4.284549367935113,2026-04-21T20:06:30.000-06:00,2026-04-21T20:07:30.000-06:00,2026-04-21 20:06:30,2026-04-21 20:07:30
BTCUSDT,76235.98,76252.92,76243.94785223402,36.23517592963537,582,2.3914400000000042,76252.91,76243.6,6.01956609147498,2026-04-21T20:06:30.000-06:00,2026-04-21T20:07:30.000-06:00,2026-04-21 20:06:30,2026-04-21 20:07:30
XRPUSDT,1.4268,1.4269,1.4268545454545472,2.5078369905783696E-9,88,6690.500000000005,1.4269,1.4268,5.007830858344129E-5,2026-04-21T20:06:30.000-06:00,2026-04-21T20:07:30.000-06:00,2026-04-21 20:06:30,2026-04-21 20:07:30
SOLUSDT,86.21,86.23,86.22364341085263,4.209060077526078E-5,129,130.86800000000008,86.23,86.23,0.006487726934393955,2026-04-21T20:06:30.000-06:00,2026-04-21T20:07:30.000-06:00,2026-04-21 20:06:30,2026-04-21 20:07:30
ADAUSDT,0.249,0.249,0.24899999999999997,0.0,23,19366.100000000002,0.249,0.249,0.0,2026-04-21T20:06:30.000-06:00,2026-04-21T20:07:30.000-06:00,2026-04-21 20:06:30,2026-04-21 20:07:30
SOLUSDT,86.24,86.29,86.26537815126078,1.6405070502805504E-4,119,88.28799999999995,86.25,86.29,0.012808228020614524,2026-04-21T20:06:30.000-06:00,2026-04-21T20:07:30.000-06:00,2026-04-21 20:06:30,2026-04-21 20:07:30
XRPUSDT,1.427,1.4274,1.427194545454546,8.673400673379086E-9,55,1704.2999999999988,1.427,1.4274,9.31310940200913E-5,2026-04-21T20:06:30.000-06:00,2026-04-21T20:07:30.000-06:00,2026-04-21 20:06:30,2026-04-21 20:07:30
ADAUSDT,0.2491,0.2491,0.24909999999999993,0.0,9,239.6,0.2491,0.2491,0.0,2026-04-21T20:06:30.000-06:00,2026-04-21T20:07:30.000-06:00,2026-04-21 20:06:30,2026-04-21 20:07:30
XRPUSDT,1.4269,1.4271,1.4270000000000007,5.454545454536348E-9,45,1591.0999999999995,1.4269,1.427,7.385489458753799E-5,2026-04-21T20:06:30.000-06:00,2026-04-21T20:07:30.000-06:00,2026-04-21 20:06:30,2026-04-21 20:07:30
SOLUSDT,86.23,86.25,86.24052132701415,2.3060257278341067E-5,211,963.8280000000002,86.23,86.25,0.0048021096695453624,2026-04-21T20:06:30.000-06:00,2026-04-21T20:07:30.000-06:00,2026-04-21 20:06:30,2026-04-21 20:07:30
ADAUSDT,0.249,0.2491,0.24903846153846151,2.564102564102358E-9,13,15491.0,0.249,0.2491,5.06369683541813E-5,2026-04-21T20:06:30.000-06:00,2026-04-21T20:07:30.000-06:00,2026-04-21 20:06:30,2026-04-21 20:07:30
ETHUSDT,2320.22,2320.91,2320.5201035196715,0.03525247888862005,483,9.655400000000053,2320.91,2320.72,0.18775643501254505,2026-04-21T20:06:30.000-06:00,2026-04-21T20:07:30.000-06:00,2026-04-21 20:06:30,2026-04-21 20:07:30
ETHUSDT,2320.72,2321.31,2321.011574344021,0.03398406390165736,343,2.792100000000004,2320.72,2321.31,0.18434767126724808,2026-04-21T20:06:30.000-06:00,2026-04-21T20:07:30.000-06:00,2026-04-21 20:06:30,2026-04-21 20:07:30
ETHUSDT,2321.31,2322.05,2321.634797979795,0.048098946426723375,396,8.633300000000052,2321.32,2322.05,0.21931472004113944,2026-04-21T20:06:30.000-06:00,2026-04-21T20:07:30.000-06:00,2026-04-21 20:06:30,2026-04-21 20:07:30
